date,open,high,low,close,volume,amount,suspended
2019-08-01,1.007,1.008,0.992,0.995,107899407,108366186,False
2019-08-02,0.985,0.988,0.971,0.983,19687983,19330816,False
2019-08-05,0.981,1.0,0.978,0.98,18814155,18647700,False
2019-08-06,0.966,0.97,0.944,0.963,15444123,14776205,False
2019-08-07,0.968,0.968,0.95,0.951,12825200,12311807,False
2019-08-08,0.954,0.967,0.951,0.961,8390600,8031309,False
2019-08-09,0.961,0.963,0.937,0.937,11818837,11186525,False
2019-08-12,0.937,0.954,0.933,0.951,12831200,12059926,False
2019-08-13,0.95,0.955,0.935,0.946,15976700,15125654,False
2019-08-14,0.946,0.96,0.946,0.951,11278200,10763093,False
2019-08-15,0.932,0.958,0.932,0.956,11106600,10498655,False
2019-08-16,0.949,0.97,0.949,0.963,16212725,15595960,False
2019-08-19,0.964,0.996,0.964,0.992,23503193,23132707,False
2019-08-20,0.994,1.005,0.992,0.995,38595272,38541600,False
2019-08-21,0.995,1.005,0.99,1.0,30811900,30849711,False
2019-08-22,1.008,1.013,1.0,1.008,48116398,48487455,False
2019-08-23,1.007,1.015,0.999,1.002,15987208,16076156,False
2019-08-26,1.002,1.007,0.991,1.004,21658977,21697456,False
2019-08-27,1.006,1.029,1.006,1.026,88830584,90771857,False
2019-08-28,1.026,1.04,1.02,1.022,37423884,38616598,False
2019-08-29,1.025,1.041,1.023,1.036,36735034,38027293,False
2019-08-30,1.04,1.059,1.037,1.049,48929000,51331447,False
2019-09-02,1.056,1.121,1.056,1.11,81999655,89511645,False
2019-09-03,1.11,1.131,1.096,1.124,45537931,50602155,False
2019-09-04,1.114,1.119,1.096,1.113,41355109,45847287,False
2019-09-05,1.113,1.132,1.107,1.115,47593733,53292484,False
2019-09-06,1.12,1.124,1.11,1.116,25820720,28813996,False
2019-09-09,1.129,1.136,1.113,1.135,35557933,39947652,False
2019-09-10,1.135,1.15,1.112,1.118,29939940,33813086,False
2019-09-11,1.122,1.122,1.105,1.107,24370220,27157505,False
2019-09-12,1.107,1.11,1.101,1.108,18824800,20816174,False
2019-09-16,1.11,1.118,1.108,1.111,22588400,25175938,False
2019-09-17,1.11,1.111,1.071,1.074,21705600,23566944,False
2019-09-18,1.074,1.082,1.069,1.071,17863964,19213703,False
2019-09-19,1.07,1.09,1.07,1.089,16689674,18036245,False
2019-09-20,1.089,1.094,1.075,1.082,15329500,16595388,False
2019-09-23,1.082,1.088,1.071,1.082,13351000,14397894,False
2019-09-24,1.082,1.098,1.078,1.09,15771233,17164371,False
2019-09-25,1.09,1.09,1.07,1.072,14135400,15247679,False
2019-09-26,1.08,1.08,1.021,1.022,20062300,20910793,False
2019-09-27,1.022,1.046,1.022,1.041,14775800,15367194,False
2019-09-30,1.049,1.049,1.03,1.032,11298100,11710136,False
2019-10-08,1.032,1.041,1.01,1.011,14761500,15011394,False
2019-10-09,1.01,1.02,1.0,1.02,72550600,73702429,False
2019-10-10,1.02,1.032,1.02,1.032,15041900,15451804,False
2019-10-11,1.031,1.031,1.018,1.024,15977282,16381911,False
2019-10-14,1.026,1.046,1.026,1.043,20808500,21567789,False
2019-10-15,1.043,1.043,1.019,1.026,12241600,12545880,False
2019-10-16,1.026,1.027,1.017,1.018,7391100,7563597,False
2019-10-17,1.018,1.022,1.014,1.015,14402300,14665263,False
2019-10-18,1.018,1.019,0.996,0.999,9283000,9363548,False
2019-10-21,0.999,0.999,0.977,0.994,9219800,9132899,False
2019-10-22,0.995,1.009,0.995,1.007,41178800,41328711,False
2019-10-23,1.009,1.012,1.003,1.005,15077700,15225088,False
2019-10-24,1.003,1.006,0.992,1.003,42839791,42885367,False
2019-10-25,1.003,1.017,0.998,1.015,11254500,11281805,False
2019-10-28,1.02,1.044,1.02,1.044,11937600,12352685,False
2019-10-29,1.045,1.045,1.023,1.024,13727201,14178290,False
2019-10-30,1.024,1.024,1.008,1.016,16565900,16818548,False
2019-10-31,1.018,1.02,1.006,1.007,13210700,13388678,False
2019-11-01,1.007,1.021,1.007,1.018,6024700,6115613,False
2019-11-04,1.022,1.024,1.011,1.015,10298800,10477222,False
2019-11-05,1.018,1.023,1.01,1.017,13797700,14013273,False
2019-11-06,1.025,1.045,1.025,1.029,88664300,91788964,False
2019-11-07,1.029,1.029,1.018,1.024,34897800,35663149,False
2019-11-08,1.027,1.03,1.015,1.019,17265900,17651316,False
2019-11-11,1.01,1.019,0.988,0.993,15528200,15463888,False
2019-11-12,0.993,0.993,0.971,0.983,12995900,12713136,False
2019-11-13,0.983,0.986,0.98,0.984,9083800,8921505,False
2019-11-14,0.984,0.993,0.982,0.991,11052600,10891689,False
2019-11-15,0.991,0.994,0.982,0.983,12446200,12296838,False
2019-11-18,0.983,0.994,0.978,0.991,29098700,28639020,False
2019-11-19,0.991,1.009,0.99,1.007,8885400,8916238,False
2019-11-20,1.008,1.008,0.997,1.001,6649600,6668987,False
2019-11-21,1.0,1.01,0.993,1.008,9422700,9475118,False
2019-11-22,1.008,1.013,0.994,0.999,7393400,7427930,False
2019-11-25,0.999,0.999,0.982,0.987,8517800,8420101,False
2019-11-26,0.99,0.996,0.985,0.991,8067500,7989694,False
2019-11-27,0.991,0.998,0.986,0.992,9921900,9856689,False
2019-11-28,0.992,0.995,0.987,0.99,9768100,9669865,False
2019-11-29,0.99,0.995,0.983,0.994,3527600,3488610,False
2019-12-02,0.994,1.002,0.993,0.998,9885700,9873230,False
2019-12-03,0.995,1.009,0.995,1.008,11815200,11832776,False
2019-12-04,1.008,1.022,0.999,1.022,18428300,18738863,False
2019-12-05,1.021,1.033,1.021,1.029,20850600,21436195,False
2019-12-06,1.029,1.032,1.022,1.032,8235400,8454219,False
2019-12-09,1.032,1.036,1.027,1.033,10308800,10638819,False
2019-12-10,1.03,1.034,1.024,1.033,14592500,15029553,False
2019-12-11,1.033,1.037,1.029,1.03,13663100,14098867,False
2019-12-12,1.03,1.039,1.029,1.03,15335600,15856406,False
2019-12-13,1.037,1.04,1.028,1.034,10876200,11227109,False
2019-12-16,1.034,1.062,1.034,1.061,20302800,21334768,False
2019-12-17,1.06,1.07,1.059,1.066,13201750,14083251,False
2019-12-18,1.069,1.074,1.063,1.063,14343600,15305378,False
2019-12-19,1.062,1.071,1.06,1.062,11344700,12082012,False
2019-12-20,1.062,1.062,1.044,1.045,9562800,10041710,False
2019-12-23,1.045,1.046,1.022,1.023,13646500,14118754,False
2019-12-24,1.028,1.04,1.028,1.039,7418200,7663081,False
2019-12-25,1.039,1.045,1.035,1.044,8650200,9009620,False
2019-12-26,1.044,1.05,1.042,1.049,11576400,12093442,False
2019-12-27,1.049,1.062,1.045,1.048,11466400,12099639,False
2019-12-30,1.048,1.057,1.033,1.056,8634800,9073954,False
2019-12-31,1.056,1.063,1.05,1.058,6759100,7136161,False
2020-01-02,1.059,1.077,1.058,1.074,10262900,11000463,False
2020-01-03,1.074,1.095,1.072,1.091,25178400,27378035,False
2020-01-06,1.099,1.114,1.098,1.106,17437000,19315488,False
2020-01-07,1.106,1.114,1.093,1.114,14480500,16048949,False
2020-01-08,1.116,1.129,1.103,1.114,13221400,14742976,False
2020-01-09,1.1,1.108,1.094,1.108,23942100,26351239,False
2020-01-10,1.108,1.112,1.097,1.1,12779600,14088735,False
2020-01-13,1.1,1.12,1.096,1.12,13620562,15054900,False
2020-01-14,1.12,1.12,1.105,1.106,4901462,5438005,False
2020-01-15,1.106,1.106,1.093,1.099,7337500,8042676,False
2020-01-16,1.1,1.125,1.1,1.112,15810000,17610426,False
2020-01-17,1.111,1.116,1.105,1.106,4675100,5197276,False
2020-01-20,1.107,1.133,1.107,1.132,7967600,8973598,False
2020-01-21,1.125,1.137,1.123,1.124,5868540,6623989,False
2020-01-22,1.122,1.132,1.1,1.126,5736900,6377843,False
2020-01-23,1.125,1.144,1.088,1.099,6507400,7295351,False
2020-02-03,1.035,1.035,0.989,0.989,6542900,6537890,False
2020-02-04,0.989,1.024,0.985,1.019,4850300,4892302,False
2020-02-05,1.019,1.061,1.019,1.049,5310700,5578301,False
2020-02-06,1.049,1.091,1.049,1.09,8086900,8665987,False
2020-02-07,1.09,1.121,1.09,1.119,5850600,6450634,False
2020-02-10,1.12,1.131,1.102,1.117,4882400,5438008,False
2020-02-11,1.116,1.116,1.099,1.104,4939100,5473864,False
2020-02-12,1.109,1.124,1.1,1.123,3699500,4112967,False
2020-02-13,1.123,1.124,1.105,1.111,6868400,7666013,False
2020-02-14,1.111,1.129,1.111,1.119,9846389,11012683,False
2020-02-17,1.112,1.231,1.112,1.196,18023500,21088753,False
2020-02-18,1.214,1.23,1.212,1.227,15651380,19092346,False
2020-02-19,1.212,1.24,1.205,1.214,12953880,15914378,False
2020-02-20,1.209,1.22,1.196,1.219,18214400,22075476,False
2020-02-21,1.225,1.266,1.22,1.26,16443947,20425206,False
2020-02-24,1.256,1.28,1.244,1.276,7256500,9148917,False
2020-02-25,1.25,1.284,1.208,1.28,7169900,8956029,False
2020-02-26,1.255,1.293,1.208,1.247,8938300,11371567,False
2020-02-27,1.245,1.27,1.225,1.246,7532500,9408175,False
2020-02-28,1.217,1.219,1.168,1.17,5813600,6925985,False
2020-03-02,1.171,1.231,1.171,1.225,3741900,4554745,False
2020-03-03,1.268,1.28,1.236,1.245,6425800,8070058,False
2020-03-04,1.245,1.269,1.223,1.247,15834500,19800415,False
2020-03-05,1.278,1.278,1.242,1.252,6720147,8449509,False
2020-03-06,1.244,1.248,1.203,1.237,2456700,3034695,False
2020-03-09,1.237,1.237,1.169,1.169,5110600,6108984,False
2020-03-10,1.155,1.224,1.15,1.224,3497100,4151255,False
2020-03-11,1.225,1.266,1.222,1.222,7606300,9505006,False
2020-03-12,1.181,1.218,1.181,1.196,8973400,10794359,False
2020-03-13,1.117,1.212,1.117,1.197,4896700,5783690,False
2020-03-16,1.2,1.209,1.126,1.134,8873300,10446661,False
2020-03-17,1.128,1.157,1.106,1.143,11058100,12520841,False
2020-03-18,1.149,1.165,1.111,1.111,8425900,9643427,False
2020-03-19,1.1,1.139,1.1,1.132,6983200,7836403,False
2020-03-20,1.135,1.146,1.123,1.138,6875800,7805872,False
2020-03-23,1.133,1.133,1.077,1.081,6335700,6956471,False
2020-03-24,1.1,1.167,1.075,1.103,2654600,2919119,False
2020-03-25,1.121,1.135,1.106,1.116,3969500,4425418,False
2020-03-26,1.116,1.119,1.099,1.099,2759500,3049931,False
2020-03-27,1.106,1.119,1.098,1.1,2177500,2418182,False
2020-03-30,1.079,1.091,1.054,1.076,3323100,3565873,False
2020-03-31,1.077,1.091,1.066,1.069,2801900,3027350,False
2020-04-01,1.066,1.081,1.06,1.062,3584500,3828695,False
2020-04-02,1.051,1.096,1.051,1.096,2252700,2442289,False
2020-04-03,1.096,1.096,1.076,1.083,1427600,1551140,False
2020-04-07,1.086,1.134,1.086,1.131,6754500,7590384,False
2020-04-08,1.13,1.149,1.119,1.145,7639400,8704680,False
2020-04-09,1.149,1.164,1.143,1.146,5146200,5926569,False
2020-04-10,1.148,1.148,1.126,1.131,5766800,6567286,False
2020-04-13,1.126,1.128,1.109,1.128,4561900,5118569,False
2020-04-14,1.13,1.143,1.13,1.143,4054300,4599452,False
2020-04-15,1.142,1.145,1.127,1.128,5758900,6564069,False
2020-04-16,1.127,1.146,1.116,1.14,4514900,5133823,False
2020-04-17,1.141,1.158,1.138,1.141,5676700,6511591,False
2020-04-20,1.141,1.16,1.136,1.159,6014000,6909021,False
2020-04-21,1.159,1.165,1.145,1.159,8192600,9475621,False
2020-04-22,1.159,1.159,1.144,1.159,6194300,7148874,False
2020-04-23,1.159,1.179,1.151,1.164,14194200,16568022,False
2020-04-24,1.164,1.164,1.129,1.139,5755800,6577460,False
2020-04-27,1.139,1.139,1.122,1.122,3335700,3774897,False
2020-04-28,1.124,1.129,1.082,1.119,5624800,6223092,False
2020-04-29,1.119,1.138,1.119,1.135,7916900,8928393,False
2020-04-30,1.133,1.169,1.133,1.168,5505300,6369630,False
2020-05-06,1.169,1.195,1.156,1.193,7334100,8642875,False
2020-05-07,1.194,1.201,1.188,1.192,6114800,7308719,False
2020-05-08,1.199,1.215,1.197,1.205,7519900,9052980,False
2020-05-11,1.203,1.224,1.203,1.211,8785200,10651634,False
2020-05-12,1.211,1.217,1.198,1.217,5718900,6899862,False
2020-05-13,1.217,1.222,1.206,1.216,3217000,3909074,False
2020-05-14,1.216,1.226,1.201,1.21,6252100,7570048,False
2020-05-15,1.21,1.224,1.207,1.218,5753514,6977888,False
2020-05-18,1.22,1.265,1.22,1.25,13243700,16547083,False
2020-05-19,1.233,1.255,1.233,1.255,6780200,8441634,False
2020-05-20,1.241,1.251,1.214,1.22,8646500,10671089,False
2020-05-21,1.22,1.221,1.196,1.199,7946500,9624246,False
2020-05-22,1.197,1.209,1.172,1.184,6345500,7580556,False
2020-05-25,1.182,1.185,1.163,1.169,4879600,5744235,False
2020-05-26,1.183,1.19,1.172,1.189,7258500,8572151,False
2020-05-27,1.189,1.19,1.17,1.174,4435000,5253157,False
2020-05-28,1.174,1.181,1.159,1.181,7109800,8314667,False
2020-05-29,1.181,1.182,1.169,1.181,5253800,6168600,False
2020-06-01,1.186,1.21,1.186,1.208,6347300,7596392,False
2020-06-02,1.21,1.222,1.192,1.21,6539700,7911527,False
2020-06-03,1.21,1.211,1.2,1.2,4074400,4912504,False
2020-06-04,1.2,1.205,1.188,1.19,4252900,5092872,False
2020-06-05,1.19,1.194,1.182,1.19,4547800,5409462,False
2020-06-08,1.195,1.201,1.187,1.189,5818300,6953592,False
2020-06-09,1.187,1.189,1.182,1.188,5383400,6379126,False
2020-06-10,1.188,1.188,1.178,1.185,4268800,5044776,False
2020-06-11,1.182,1.201,1.182,1.187,6821900,8135515,False
2020-06-12,1.166,1.193,1.163,1.19,4808300,5677797,False
2020-06-15,1.189,1.189,1.173,1.173,5011500,5920009,False
2020-06-16,1.169,1.184,1.169,1.182,5418300,6391248,False
2020-06-17,1.21,1.214,1.193,1.202,12480600,14972664,False
2020-06-18,1.192,1.192,1.178,1.187,7606700,9000986,False
2020-06-19,1.187,1.198,1.185,1.196,7302600,8703031,False
2020-06-22,1.195,1.21,1.195,1.209,6963300,8388078,False
2020-06-23,1.209,1.216,1.203,1.21,7205900,8710909,False
2020-06-24,1.21,1.21,1.202,1.205,5826200,7025545,False
2020-06-29,1.202,1.223,1.202,1.209,9354100,11356321,False
2020-06-30,1.21,1.234,1.21,1.234,8267400,10106301,False
2020-07-01,1.235,1.238,1.219,1.236,11033400,13517983,False
2020-07-02,1.232,1.251,1.225,1.247,9771600,12098614,False
2020-07-03,1.247,1.258,1.245,1.255,8493000,10630675,False
2020-07-06,1.253,1.38,1.253,1.358,16178800,21279427,False
2020-07-07,1.375,1.49,1.318,1.362,29351700,40541487,False
2020-07-08,1.353,1.498,1.318,1.498,26967500,38203649,False
2020-07-09,1.52,1.567,1.497,1.527,53721200,81840779,False
2020-07-10,1.515,1.526,1.477,1.483,28531900,42816645,False
2020-07-13,1.482,1.511,1.471,1.51,21511700,32146031,False
2020-07-14,1.509,1.575,1.493,1.532,25693700,39456053,False
2020-07-15,1.529,1.53,1.379,1.458,17959700,26768158,False
2020-07-16,1.455,1.486,1.398,1.406,16703700,24113356,False
2020-07-17,1.419,1.482,1.401,1.463,16022000,23271901,False
2020-07-20,1.514,1.609,1.482,1.609,34925200,54496593,False
2020-07-21,1.605,1.605,1.507,1.528,46211400,70929286,False
2020-07-22,1.525,1.581,1.505,1.552,25991900,40454971,False
2020-07-23,1.593,1.618,1.545,1.605,37446700,59135703,False
2020-07-24,1.61,1.644,1.546,1.551,35594000,57021347,False
2020-07-27,1.548,1.593,1.511,1.555,22103900,34300751,False
2020-07-28,1.555,1.596,1.528,1.572,17825900,27931528,False
2020-07-29,1.557,1.612,1.555,1.608,18112700,28726916,False
2020-07-30,1.614,1.658,1.59,1.6,22618800,36594260,False
2020-07-31,1.599,1.607,1.564,1.589,18085900,28713341,False
2020-08-03,1.625,1.746,1.605,1.729,36690500,61817923,False
2020-08-04,1.725,1.726,1.657,1.672,34031400,57233485,False
2020-08-05,1.687,1.753,1.661,1.729,35627200,60950685,False
2020-08-06,1.72,1.822,1.708,1.803,40419600,71631068,False
2020-08-07,1.804,1.875,1.751,1.869,56420300,102364745,False
2020-08-10,1.866,1.96,1.8,1.801,61194100,114417548,False
2020-08-11,1.77,1.835,1.763,1.777,39943500,71572626,False
2020-08-12,1.75,1.75,1.653,1.689,37570300,63635242,False
2020-08-13,1.687,1.728,1.685,1.699,28838600,49227303,False
2020-08-14,1.688,1.773,1.687,1.757,25797800,45099978,False
2020-08-17,1.791,1.825,1.749,1.824,31184800,56076986,False
2020-08-18,1.812,1.854,1.801,1.831,23092300,42348048,False
2020-08-19,1.827,1.827,1.762,1.772,26371100,47194492,False
2020-08-20,1.75,1.768,1.696,1.709,29385800,50621321,False
2020-08-21,1.714,1.8,1.683,1.703,16526100,28265280,False
2020-08-24,1.703,1.738,1.693,1.715,19943000,34206155,False
2020-08-25,1.723,1.726,1.651,1.667,30555100,51433062,False
2020-08-26,1.663,1.682,1.608,1.616,17105300,28047446,False
2020-08-27,1.617,1.65,1.606,1.649,25634200,41897510,False
2020-08-28,1.655,1.683,1.644,1.682,19730200,32862184,False
2020-08-31,1.678,1.722,1.677,1.691,21007100,35691917,False
2020-09-01,1.7,1.735,1.694,1.733,39512600,68025995,False
2020-09-02,1.734,1.737,1.697,1.711,17577400,30103228,False
2020-09-03,1.711,1.711,1.669,1.693,18529900,31243135,False
2020-09-04,1.647,1.685,1.647,1.681,18935200,31686547,False
2020-09-07,1.666,1.693,1.623,1.632,13729500,22799912,False
2020-09-08,1.64,1.648,1.597,1.623,17508800,28282766,False
2020-09-09,1.603,1.633,1.57,1.606,20815000,33429098,False
2020-09-10,1.624,1.628,1.563,1.567,15919000,25431734,False
2020-09-11,1.551,1.581,1.543,1.576,13314900,20757004,False
2020-09-14,1.587,1.59,1.552,1.563,10736000,16834318,False
2020-09-15,1.563,1.591,1.56,1.591,13921700,22016493,False
2020-09-16,1.591,1.592,1.557,1.563,11102100,17435395,False
2020-09-17,1.563,1.604,1.55,1.592,11765000,18561744,False
2020-09-18,1.592,1.63,1.592,1.63,11791400,19061169,False
2020-09-21,1.645,1.695,1.644,1.669,17756800,29717046,False
2020-09-22,1.644,1.647,1.62,1.629,13145500,21464624,False
2020-09-23,1.626,1.636,1.616,1.631,13034400,21211101,False
2020-09-24,1.61,1.621,1.58,1.581,14731400,23551316,False
2020-09-25,1.589,1.604,1.579,1.585,11997000,19101291,False
2020-09-28,1.585,1.592,1.565,1.567,9473800,14947544,False
2020-09-29,1.571,1.639,1.571,1.63,18147200,29361374,False
2020-09-30,1.63,1.632,1.607,1.626,14784100,23971182,False
2020-10-09,1.639,1.659,1.633,1.647,17929200,29471933,False
2020-10-12,1.663,1.722,1.652,1.72,21188800,35939744,False
2020-10-13,1.72,1.733,1.695,1.728,15531700,26671152,False
2020-10-14,1.729,1.753,1.707,1.717,18164000,31349359,False
2020-10-15,1.703,1.726,1.703,1.71,12630600,21662607,False
2020-10-16,1.702,1.724,1.677,1.682,15035300,25468428,False
2020-10-19,1.692,1.705,1.668,1.669,10219500,17211999,False
2020-10-20,1.665,1.683,1.651,1.682,10409900,17298907,False
2020-10-21,1.682,1.683,1.628,1.635,14311000,23701548,False
2020-10-22,1.63,1.63,1.601,1.615,10101700,16293934,False
2020-10-23,1.625,1.632,1.588,1.594,14157600,22859179,False
2020-10-26,1.59,1.62,1.574,1.617,11157800,17940204,False
2020-10-27,1.611,1.632,1.598,1.625,11738000,19027152,False
2020-10-28,1.62,1.621,1.591,1.613,9422800,15131313,False
2020-10-29,1.601,1.605,1.58,1.597,12520200,19960179,False
2020-10-30,1.612,1.643,1.572,1.576,16833800,27279892,False
2020-11-02,1.575,1.584,1.555,1.574,10177400,15960961,False
2020-11-03,1.576,1.635,1.574,1.635,18901500,30491075,False
2020-11-04,1.629,1.658,1.613,1.656,22087600,36117354,False
2020-11-05,1.653,1.657,1.625,1.649,20002400,32884329,False
2020-11-06,1.641,1.646,1.612,1.622,14068100,22878882,False
2020-11-09,1.619,1.654,1.607,1.651,21669000,35392058,False
2020-11-10,1.651,1.651,1.613,1.622,13468600,21944628,False
2020-11-11,1.621,1.634,1.581,1.585,13774000,22145761,False
2020-11-12,1.583,1.603,1.57,1.575,9568300,15128857,False
2020-11-13,1.575,1.629,1.565,1.623,25728800,41376256,False
2020-11-16,1.627,1.631,1.61,1.624,11280400,18285943,False
2020-11-17,1.623,1.623,1.576,1.586,13503400,21488636,False
2020-11-18,1.585,1.609,1.584,1.599,10589600,16906005,False
2020-11-19,1.591,1.681,1.58,1.675,28769200,47267447,False
2020-11-20,1.675,1.709,1.663,1.69,27571700,46587032,False
2020-11-23,1.691,1.709,1.665,1.692,21324100,36030678,False
2020-11-24,1.687,1.725,1.677,1.702,15160800,25912703,False
2020-11-25,1.704,1.705,1.654,1.656,12096800,20327729,False
2020-11-26,1.656,1.695,1.646,1.688,18585700,31071046,False
2020-11-27,1.688,1.743,1.667,1.711,26141500,44704028,False
2020-11-30,1.711,1.746,1.701,1.729,22501000,38950099,False
2020-12-01,1.726,1.779,1.726,1.769,30833100,54140541,False
2020-12-02,1.769,1.788,1.758,1.777,15726200,27871928,False
2020-12-03,1.77,1.774,1.745,1.751,15269300,26793263,False
2020-12-04,1.751,1.774,1.732,1.768,16235700,28482563,False
2020-12-07,1.78,1.8,1.768,1.785,20718800,36977733,False
2020-12-08,1.784,1.791,1.767,1.772,15754700,27958740,False
2020-12-09,1.771,1.781,1.73,1.733,16942800,29833814,False
2020-12-10,1.726,1.755,1.716,1.737,13620500,23657476,False
2020-12-11,1.735,1.739,1.678,1.695,18520100,31519079,False
2020-12-14,1.679,1.741,1.678,1.733,15388000,26405389,False
2020-12-15,1.733,1.768,1.723,1.748,11930100,20818624,False
2020-12-16,1.742,1.758,1.725,1.742,10919100,18987564,False
2020-12-17,1.741,1.744,1.685,1.729,17656100,30237072,False
2020-12-18,1.725,1.75,1.713,1.726,14229000,24699157,False
2020-12-21,1.72,1.819,1.72,1.819,34466000,61698995,False
2020-12-22,1.819,1.837,1.788,1.799,37065400,67317411,False
2020-12-23,1.795,1.899,1.79,1.894,54833600,101242396,False
2020-12-24,1.913,1.976,1.896,1.9,70406400,136236046,False
2020-12-25,1.895,1.949,1.875,1.941,52160800,99974648,False
2020-12-28,1.953,1.98,1.917,1.942,77023800,149643757,False
2020-12-29,1.942,1.972,1.9,1.918,101167500,195847997,False
2020-12-30,1.912,2.005,1.905,1.982,77334000,151231031,False
2020-12-31,1.971,2.084,1.971,2.081,91343200,184378091,False
2021-01-04,2.13,2.278,2.105,2.272,134760500,294538768,False
2021-01-05,2.271,2.306,2.19,2.246,211842321,474483509,False
2021-01-06,2.22,2.314,2.22,2.271,135588600,307544910,False
2021-01-07,2.246,2.345,2.232,2.335,107339379,246497966,False
2021-01-08,2.34,2.345,2.224,2.263,147467000,333975144,False
2021-01-11,2.285,2.325,2.169,2.197,137722700,309810447,False
2021-01-12,2.19,2.282,2.18,2.27,116001100,261007915,False
2021-01-13,2.275,2.285,2.195,2.226,128577100,287403112,False
2021-01-14,2.2,2.205,2.069,2.085,168494189,356573153,False
2021-01-15,2.069,2.112,2.011,2.079,102637000,211908490,False
2021-01-18,2.085,2.146,2.085,2.125,89858800,190816255,False
2021-01-19,2.113,2.146,2.052,2.071,96353400,201363548,False
2021-01-20,2.076,2.132,2.058,2.124,92341800,194545896,False
2021-01-21,2.12,2.164,2.104,2.148,70460705,150691808,False
2021-01-22,2.149,2.164,2.114,2.163,69414400,148880519,False
2021-01-25,2.173,2.244,2.164,2.193,123941730,273877532,False
2021-01-26,2.17,2.173,2.006,2.019,216664100,444892033,False
2021-01-27,1.995,2.048,1.99,2.029,89257900,180399787,False
2021-01-28,2.003,2.066,1.995,2.006,76011200,154132743,False
2021-01-29,2.017,2.029,1.9,1.942,91073600,177900815,False
2021-02-01,1.942,1.967,1.922,1.932,44855100,87117563,False
2021-02-02,1.933,1.974,1.901,1.973,62590300,121307534,False
2021-02-03,1.963,1.97,1.895,1.898,71063700,136873790,False
2021-02-04,1.885,1.919,1.84,1.865,67368503,126172250,False
2021-02-05,1.878,1.899,1.817,1.822,65411600,121553301,False
2021-02-08,1.828,1.848,1.792,1.836,62542800,114167757,False
2021-02-09,1.835,1.963,1.831,1.961,113543900,217561536,False
2021-02-10,1.97,1.97,1.898,1.941,89594300,172526604,False
2021-02-18,1.96,1.974,1.904,1.92,78006800,150550054,False
2021-02-19,1.914,1.918,1.872,1.915,67246918,127605875,False
2021-02-22,1.916,1.922,1.835,1.838,100602482,188585207,False
2021-02-23,1.824,1.905,1.796,1.893,91987100,171303478,False
2021-02-24,1.903,1.93,1.854,1.893,88301500,167531085,False
2021-02-25,1.89,1.96,1.86,1.941,90477000,174240032,False
2021-02-26,1.9,1.931,1.86,1.873,73421500,138423358,False
2021-03-01,1.893,1.906,1.852,1.905,52770300,99389207,False
2021-03-02,1.919,1.93,1.866,1.917,73271900,139148130,False
2021-03-03,1.903,1.916,1.877,1.915,52618800,99887561,False
2021-03-04,1.898,1.93,1.861,1.867,63441300,119976653,False
2021-03-05,1.831,1.857,1.795,1.828,56292100,102881606,False
2021-03-08,1.827,1.834,1.659,1.66,117928700,204935501,False
2021-03-09,1.651,1.658,1.561,1.581,87493800,140450989,False
2021-03-10,1.601,1.62,1.573,1.579,53929100,85918917,False
2021-03-11,1.582,1.616,1.564,1.612,45182655,72269584,False
2021-03-12,1.611,1.619,1.573,1.599,41534500,66023505,False
2021-03-15,1.592,1.61,1.563,1.579,37085600,58838404,False
2021-03-16,1.576,1.597,1.564,1.572,30900500,48712626,False
2021-03-17,1.573,1.613,1.565,1.603,41672400,66494478,False
2021-03-18,1.601,1.647,1.596,1.626,41690300,67821510,False
2021-03-19,1.607,1.677,1.6,1.647,58097900,95352525,False
2021-03-22,1.636,1.662,1.62,1.652,34039500,56044075,False
2021-03-23,1.653,1.666,1.636,1.645,27855100,45917033,False
2021-03-24,1.639,1.655,1.598,1.607,28946700,46713327,False
2021-03-25,1.601,1.631,1.601,1.617,27292300,44108885,False
2021-03-26,1.617,1.652,1.617,1.65,36599700,60039224,False
2021-03-29,1.66,1.709,1.659,1.684,46788000,78791682,False
2021-03-30,1.679,1.747,1.677,1.727,52320000,90401243,False
2021-03-31,1.722,1.722,1.642,1.65,57634800,95673792,False
2021-04-01,1.648,1.668,1.648,1.661,30622690,50771195,False
2021-04-02,1.665,1.682,1.66,1.671,33743300,56393840,False
2021-04-06,1.68,1.686,1.67,1.682,38248496,64214682,False
2021-04-07,1.684,1.684,1.649,1.663,41979800,69546974,False
2021-04-08,1.659,1.675,1.644,1.664,34613925,57563134,False
2021-04-09,1.68,1.702,1.668,1.678,47115060,79322595,False
2021-04-12,1.671,1.671,1.597,1.605,49237000,80113832,False
2021-04-13,1.605,1.617,1.591,1.604,25820500,41387101,False
2021-04-14,1.599,1.63,1.597,1.629,30100062,48686901,False
2021-04-15,1.623,1.625,1.606,1.62,23027462,37217257,False
2021-04-16,1.621,1.624,1.602,1.617,28392821,45837301,False
2021-04-19,1.612,1.643,1.601,1.642,46783485,76197943,False
2021-04-20,1.633,1.645,1.62,1.631,44568000,72781792,False
2021-04-21,1.624,1.633,1.604,1.619,46112200,74455644,False
2021-04-22,1.617,1.63,1.612,1.617,36235000,58698248,False
2021-04-23,1.617,1.624,1.605,1.617,37335683,60240626,False
2021-04-26,1.621,1.65,1.618,1.623,66450700,108611577,False
2021-04-27,1.618,1.62,1.582,1.598,44465100,71036291,False
2021-04-28,1.592,1.616,1.592,1.615,37092200,59475961,False
2021-04-29,1.616,1.63,1.61,1.621,40079400,64941437,False
2021-04-30,1.606,1.606,1.545,1.558,93010810,145608406,False
2021-05-06,1.556,1.588,1.548,1.577,53622300,84189668,False
2021-05-07,1.57,1.582,1.549,1.55,37643800,58893162,False
2021-05-10,1.551,1.551,1.514,1.525,46403200,70761570,False
2021-05-11,1.52,1.575,1.519,1.568,56111745,86705997,False
2021-05-12,1.56,1.561,1.54,1.56,36287108,56276151,False
2021-05-13,1.546,1.573,1.542,1.555,34679010,54139349,False
2021-05-14,1.554,1.617,1.546,1.616,85197813,135524988,False
2021-05-17,1.629,1.66,1.629,1.642,65197176,107262288,False
2021-05-18,1.638,1.686,1.623,1.682,67795600,113039630,False
2021-05-19,1.675,1.705,1.663,1.692,44576900,75233696,False
2021-05-20,1.686,1.711,1.682,1.695,41590900,70539778,False
2021-05-21,1.692,1.698,1.647,1.65,48782893,80983381,False
2021-05-24,1.65,1.68,1.647,1.679,44535845,74315352,False
2021-05-25,1.679,1.743,1.67,1.742,76482127,131708161,False
2021-05-26,1.749,1.764,1.727,1.736,53270200,93077452,False
2021-05-27,1.736,1.758,1.723,1.75,43851100,76523237,False
2021-05-28,1.749,1.771,1.739,1.767,55771300,97974727,False
2021-05-31,1.773,1.828,1.769,1.828,60930600,109538446,False
2021-06-01,1.83,1.838,1.806,1.812,54387185,98869412,False
2021-06-02,1.811,1.82,1.763,1.766,49997885,89419269,False
2021-06-03,1.762,1.775,1.737,1.738,48978885,86049636,False
2021-06-04,1.728,1.767,1.728,1.759,48915600,85790197,False
2021-06-07,1.762,1.805,1.762,1.79,54442000,97268722,False
2021-06-08,1.79,1.812,1.776,1.81,47575200,85277639,False
2021-06-09,1.822,1.853,1.807,1.828,50728900,92828118,False
2021-06-10,1.827,1.832,1.804,1.829,44809460,81595490,False
2021-06-11,1.829,1.829,1.753,1.766,70408800,125310790,False
2021-06-15,1.753,1.768,1.734,1.76,39638760,69522670,False
2021-06-16,1.761,1.771,1.709,1.729,45900600,79845703,False
2021-06-17,1.728,1.754,1.721,1.749,43904900,76359132,False
2021-06-18,1.75,1.811,1.744,1.799,67331700,120269074,False
2021-06-21,1.8,1.88,1.795,1.88,87491500,161284986,False
2021-06-22,1.892,1.9,1.853,1.865,55529044,103755422,False
2021-06-23,1.86,1.883,1.842,1.87,57045451,106400303,False
2021-06-24,1.868,1.901,1.836,1.837,66529972,123954800,False
2021-06-25,1.832,1.851,1.804,1.848,65981977,120783600,False
2021-06-28,1.849,1.866,1.841,1.865,59366500,110188942,False
2021-06-29,1.861,1.874,1.82,1.823,83474800,153528274,False
2021-06-30,1.816,1.859,1.813,1.856,66103900,121319457,False
2021-07-01,1.872,1.88,1.771,1.775,88245222,159868590,False
2021-07-02,1.766,1.766,1.694,1.7,79379102,136034093,False
2021-07-05,1.698,1.724,1.69,1.707,42425198,72411347,False
2021-07-06,1.708,1.721,1.685,1.72,47437700,80873908,False
2021-07-07,1.707,1.78,1.7,1.778,76394800,133968884,False
2021-07-08,1.781,1.882,1.779,1.879,143191100,265866011,False
2021-07-09,1.87,1.889,1.85,1.863,81326454,151901963,False
2021-07-12,1.875,1.904,1.845,1.891,83233300,156239290,False
2021-07-13,1.886,1.902,1.853,1.87,57405700,107366900,False
2021-07-14,1.874,1.874,1.815,1.832,53141643,97565430,False
2021-07-15,1.823,1.859,1.8,1.841,51275900,93598985,False
2021-07-16,1.834,1.945,1.815,1.925,108810600,206709993,False
2021-07-19,1.94,1.958,1.885,1.9,79116962,152145634,False
2021-07-20,1.888,1.954,1.879,1.943,85161655,164119035,False
2021-07-21,1.945,1.987,1.935,1.98,87374900,171736169,False
2021-07-22,1.975,1.979,1.941,1.978,66906600,131047980,False
2021-07-23,1.977,2.06,1.947,2.03,100337245,200102931,False
2021-07-26,2.036,2.132,2.03,2.042,151397863,314162103,False
2021-07-27,2.036,2.078,1.985,1.987,124384073,253313197,False
2021-07-28,1.96,1.96,1.845,1.886,105134722,199608646,False
2021-07-29,1.915,1.995,1.912,1.989,110565322,216379344,False
2021-07-30,1.99,2.002,1.951,1.991,78269062,155054778,False
2021-08-02,2.0,2.108,1.997,2.105,127500000,263936355,False
2021-08-03,2.106,2.128,2.051,2.067,89919399,187605547,False
2021-08-04,2.05,2.13,2.048,2.125,86983560,183438137,False
2021-08-05,2.135,2.243,2.13,2.214,144686766,316792658,False
2021-08-06,2.212,2.246,2.171,2.225,114866663,253679450,False
2021-08-09,2.228,2.259,2.191,2.205,88701400,196880940,False
2021-08-10,2.196,2.344,2.192,2.295,155066946,354550709,False
2021-08-11,2.283,2.311,2.253,2.282,144957700,329467353,False
2021-08-12,2.268,2.273,2.196,2.202,131349193,291946966,False
2021-08-13,2.198,2.243,2.171,2.198,108620900,240288124,False
2021-08-16,2.196,2.208,2.136,2.153,94365238,205221499,False
2021-08-17,2.16,2.193,2.101,2.125,101574199,218329610,False
2021-08-18,2.125,2.207,2.116,2.189,133685089,290545628,False
2021-08-19,2.179,2.269,2.157,2.253,144586329,321783252,False
2021-08-23,2.253,2.253,2.253,2.253,263683867,307766622,False
2021-08-24,1.127,1.169,1.107,1.163,455950834,517188252,False
2021-08-25,1.155,1.169,1.13,1.145,222332214,254328168,False
2021-08-26,1.138,1.167,1.132,1.139,216321700,248695044,False
2021-08-27,1.132,1.138,1.104,1.116,264019635,294325503,False
2021-08-30,1.135,1.176,1.124,1.158,351001587,404922204,False
2021-08-31,1.161,1.176,1.136,1.154,200121283,231331382,False
2021-09-01,1.148,1.155,1.077,1.102,335848680,371876611,False
2021-09-02,1.091,1.11,1.085,1.094,169292299,185722421,False
2021-09-03,1.081,1.1,1.03,1.052,291425000,308425829,False
2021-09-06,1.044,1.069,1.037,1.066,165298813,174797102,False
2021-09-07,1.067,1.094,1.058,1.08,138713500,149901022,False
2021-09-08,1.079,1.08,1.052,1.059,123850500,131883690,False
2021-09-09,1.051,1.082,1.039,1.081,188926276,199804098,False
2021-09-10,1.081,1.081,1.055,1.069,124558505,133028008,False
2021-09-13,1.069,1.072,1.043,1.053,100717036,105949802,False
2021-09-14,1.047,1.073,1.038,1.042,133745300,141202122,False
2021-09-15,1.036,1.054,1.024,1.048,115746200,120300867,False
2021-09-16,1.05,1.054,1.021,1.022,121179000,125616516,False
2021-09-17,1.027,1.036,0.983,1.007,134464000,135058234,False
2021-09-22,0.996,1.031,0.991,1.024,106102440,108064722,False
2021-09-23,1.026,1.052,1.02,1.05,124072500,128682017,False
2021-09-24,1.048,1.05,1.033,1.041,68269900,71228333,False
2021-09-27,1.041,1.044,0.994,1.012,123369300,125048597,False
2021-09-28,1.006,1.034,1.006,1.027,84704280,86945880,False
2021-09-29,1.02,1.024,0.99,0.991,162338500,162388992,False
2021-09-30,0.996,1.011,0.996,1.001,80248200,80380431,False
2021-10-08,1.004,1.01,0.975,0.98,86383800,85251637,False
2021-10-11,0.982,1.025,0.98,1.005,187317500,189086872,False
2021-10-12,0.998,0.998,0.965,0.975,123307400,120678255,False
2021-10-13,0.96,0.982,0.944,0.977,107896013,103633959,False
2021-10-14,0.972,1.009,0.97,0.997,125367000,125024697,False
2021-10-15,1.0,1.01,0.992,1.004,74240800,74403763,False
2021-10-18,1.007,1.02,1.003,1.014,78101400,79043522,False
2021-10-19,1.012,1.016,1.003,1.015,60975800,61610490,False
2021-10-20,1.015,1.035,1.013,1.028,86966300,89242798,False
2021-10-21,1.028,1.028,1.005,1.015,68524614,69494546,False
2021-10-22,1.014,1.021,1.008,1.017,63244100,64153179,False
2021-10-25,1.017,1.041,1.013,1.035,100199109,103173965,False
2021-10-26,1.038,1.042,1.028,1.031,61477500,63614683,False
2021-10-27,1.047,1.057,1.033,1.043,105557054,110244140,False
2021-10-28,1.035,1.049,1.022,1.024,70078200,72579088,False
2021-10-29,1.026,1.06,1.023,1.06,121171754,127096212,False
2021-11-01,1.065,1.087,1.064,1.083,140505700,151435325,False
2021-11-02,1.091,1.114,1.089,1.101,162887800,179367020,False
2021-11-03,1.098,1.098,1.073,1.091,120049918,130319029,False
2021-11-04,1.087,1.112,1.086,1.111,123610300,136048633,False
2021-11-05,1.111,1.117,1.091,1.093,92276200,101715344,False
2021-11-08,1.085,1.101,1.075,1.1,76812700,83820156,False
2021-11-09,1.096,1.151,1.095,1.144,179400900,202862159,False
2021-11-10,1.14,1.159,1.133,1.14,107590300,123046553,False
2021-11-11,1.132,1.151,1.125,1.141,90006856,102482258,False
2021-11-12,1.139,1.19,1.138,1.185,197225844,231120723,False
2021-11-15,1.186,1.207,1.16,1.165,146374200,172663043,False
2021-11-16,1.159,1.183,1.114,1.115,201076854,229318895,False
2021-11-17,1.11,1.143,1.097,1.141,136035468,152810918,False
2021-11-18,1.135,1.19,1.128,1.18,164769000,191898488,False
2021-11-19,1.178,1.191,1.168,1.178,93675470,110540931,False
2021-11-22,1.178,1.198,1.169,1.195,109896325,130356192,False
2021-11-23,1.194,1.197,1.175,1.181,143418400,169889021,False
2021-11-24,1.182,1.194,1.157,1.159,107319400,125666676,False
2021-11-25,1.151,1.175,1.15,1.154,94349100,109465982,False
2021-11-26,1.15,1.169,1.148,1.153,91948232,106431016,False
2021-11-29,1.142,1.199,1.137,1.194,159507500,188374032,False
2021-11-30,1.2,1.233,1.192,1.22,187475000,227802885,False
2021-12-01,1.22,1.22,1.194,1.197,127428500,153325646,False
2021-12-02,1.2,1.205,1.179,1.191,146367400,173915751,False
2021-12-03,1.191,1.215,1.188,1.213,129432675,156180179,False
2021-12-06,1.212,1.226,1.196,1.209,122412099,148488628,False
2021-12-07,1.209,1.215,1.151,1.166,268543700,314585546,False
2021-12-08,1.164,1.185,1.164,1.182,163744958,192964113,False
2021-12-09,1.177,1.185,1.16,1.175,202278800,236363389,False
2021-12-10,1.175,1.176,1.157,1.173,105978700,123638402,False
2021-12-13,1.162,1.17,1.144,1.165,153121700,177060142,False
2021-12-14,1.159,1.191,1.154,1.18,162966300,191969770,False
2021-12-15,1.178,1.186,1.167,1.173,93222400,109628588,False
2021-12-16,1.17,1.193,1.168,1.183,105492200,124765050,False
2021-12-17,1.184,1.184,1.158,1.16,103070212,120389932,False
2021-12-20,1.152,1.169,1.127,1.131,123868800,141648781,False
2021-12-21,1.13,1.144,1.116,1.134,92818512,104779213,False
2021-12-22,1.135,1.148,1.121,1.138,78616900,89311441,False
2021-12-23,1.13,1.155,1.128,1.15,75219721,86280904,False
2021-12-24,1.15,1.154,1.14,1.145,55263068,63392412,False
2021-12-27,1.143,1.152,1.136,1.139,55334400,63227871,False
2021-12-28,1.137,1.147,1.126,1.144,64787700,73762076,False
2021-12-29,1.145,1.169,1.143,1.162,105777821,122817357,False
2021-12-30,1.158,1.205,1.155,1.204,174497221,208218297,False
2021-12-31,1.206,1.212,1.195,1.206,81749255,98498386,False
2022-01-04,1.206,1.215,1.182,1.19,85718200,102280454,False
2022-01-05,1.188,1.195,1.121,1.124,187139600,213778708,False
2022-01-06,1.116,1.127,1.094,1.106,124911765,138274434,False
2022-01-07,1.105,1.115,1.082,1.087,89298700,98032994,False
2022-01-10,1.081,1.087,1.058,1.072,101954948,109441461,False
2022-01-11,1.072,1.074,1.032,1.039,122132900,128293761,False
2022-01-12,1.038,1.061,1.037,1.061,108684000,114270420,False
2022-01-13,1.058,1.059,1.028,1.038,108131084,112428560,False
2022-01-14,1.03,1.057,1.03,1.043,114611645,120027945,False
2022-01-17,1.04,1.065,1.039,1.061,129456000,136724604,False
2022-01-18,1.059,1.074,1.05,1.066,115754716,123057249,False
2022-01-19,1.055,1.063,1.024,1.033,141938016,147731110,False
2022-01-20,1.031,1.035,1.002,1.006,140373716,142090397,False
2022-01-21,0.989,0.989,0.962,0.98,154958700,151028987,False
2022-01-24,0.975,0.996,0.969,0.991,107737300,106142246,False
2022-01-25,0.995,1.014,0.979,0.981,130551900,130393901,False
2022-01-26,0.975,0.99,0.961,0.977,85086000,83128596,False
2022-01-27,0.974,0.987,0.953,0.957,80039216,77607423,False
2022-01-28,0.963,0.978,0.94,0.96,98579200,94728600,False
2022-02-07,0.972,0.98,0.949,0.954,87908700,84276598,False
2022-02-08,0.954,0.957,0.92,0.946,103068900,96607999,False
2022-02-09,0.941,0.97,0.939,0.97,115183400,110098890,False
2022-02-10,0.969,0.974,0.956,0.961,88162462,84873094,False
2022-02-11,0.955,0.956,0.935,0.937,85039997,80470057,False
2022-02-14,0.937,0.962,0.937,0.944,130814400,123888542,False
2022-02-15,0.945,0.972,0.94,0.971,129472597,123875119,False
2022-02-16,0.958,0.962,0.947,0.954,116362597,110972877,False
2022-02-17,0.953,0.962,0.942,0.959,148872200,141889298,False
2022-02-18,0.954,0.954,0.943,0.954,95675900,90856088,False
2022-02-21,0.955,0.964,0.945,0.949,90933176,86579009,False
2022-02-22,0.957,0.96,0.926,0.934,132172600,123638636,False
2022-02-23,0.931,0.98,0.93,0.979,219913100,211406962,False
2022-02-24,0.983,1.01,0.965,0.985,296626034,291886147,False
2022-02-25,0.971,0.995,0.971,0.985,137661700,135470656,False
2022-02-28,0.995,1.01,0.991,1.0,177695700,177775665,False
2022-03-01,1.002,1.019,0.999,1.018,157273081,159204602,False
2022-03-02,1.02,1.02,0.998,1.005,92820600,93242509,False
2022-03-03,1.009,1.01,0.975,0.981,156051800,153717637,False
2022-03-04,0.972,0.987,0.958,0.965,134118576,130711692,False
2022-03-07,0.97,0.972,0.945,0.95,127592581,122194364,False
2022-03-08,0.945,0.958,0.906,0.911,161982700,150667442,False
2022-03-09,0.91,0.915,0.848,0.893,205692388,181801952,False
2022-03-10,0.907,0.934,0.906,0.922,150916300,139217364,False
2022-03-11,0.91,0.921,0.892,0.92,103556688,93908277,False
2022-03-14,0.911,0.945,0.894,0.917,126452700,117537513,False
2022-03-15,0.911,0.929,0.885,0.887,113521400,103094935,False
2022-03-16,0.899,0.918,0.862,0.917,131770136,117633225,False
2022-03-17,0.92,0.939,0.918,0.922,141267326,131278061,False
2022-03-18,0.915,0.916,0.887,0.908,169935400,152983168,False
2022-03-21,0.907,0.929,0.898,0.918,132323000,121055266,False
2022-03-22,0.92,0.925,0.9,0.906,89046700,80916479,False
2022-03-23,0.906,0.944,0.898,0.932,189717800,175681722,False
2022-03-24,0.921,0.926,0.913,0.92,100466400,92417739,False
2022-03-25,0.921,0.941,0.912,0.913,131299900,121739888,False
2022-03-28,0.901,0.908,0.885,0.891,115561300,103240573,False
2022-03-29,0.902,0.929,0.902,0.906,183906400,168392208,False
2022-03-30,0.909,0.921,0.902,0.92,96689400,88356117,False
2022-03-31,0.914,0.916,0.89,0.898,145665800,130949325,False
2022-04-01,0.891,0.906,0.887,0.896,86164257,77368677,False
2022-04-06,0.896,0.896,0.866,0.873,132080800,115444901,False
2022-04-07,0.868,0.886,0.859,0.863,127716000,111232909,False
2022-04-08,0.861,0.862,0.842,0.854,98174100,83533616,False
2022-04-11,0.847,0.847,0.807,0.809,131197600,107532184,False
2022-04-12,0.806,0.818,0.795,0.817,183986300,147804166,False
2022-04-13,0.81,0.81,0.791,0.792,113168900,90422308,False
2022-04-14,0.794,0.8,0.787,0.793,111883900,88720685,False
2022-04-15,0.79,0.795,0.773,0.793,162940900,127864574,False
2022-04-18,0.786,0.819,0.783,0.816,129234900,104195563,False
2022-04-19,0.813,0.823,0.812,0.818,101948500,83279376,False
2022-04-20,0.815,0.819,0.8,0.802,126023200,102198475,False
2022-04-21,0.798,0.813,0.778,0.782,106233301,84420273,False
2022-04-22,0.773,0.778,0.758,0.771,96814800,74438339,False
2022-04-25,0.757,0.762,0.709,0.71,158191600,116174097,False
2022-04-26,0.712,0.714,0.678,0.682,171631824,119029728,False
2022-04-27,0.674,0.736,0.661,0.735,172520058,121459903,False
2022-04-28,0.723,0.753,0.721,0.741,157286021,115883500,False
2022-04-29,0.746,0.793,0.743,0.792,146005570,112356981,False
2022-05-05,0.794,0.839,0.778,0.825,167599100,137807737,False
2022-05-06,0.8,0.832,0.8,0.82,143648983,117592979,False
2022-05-09,0.816,0.846,0.816,0.843,134238100,112205676,False
2022-05-10,0.83,0.862,0.826,0.853,218352522,185272582,False
2022-05-11,0.853,0.866,0.842,0.846,136203400,116485237,False
2022-05-12,0.843,0.856,0.837,0.848,100435500,85035983,False
2022-05-13,0.848,0.854,0.84,0.849,90785950,76950364,False
2022-05-16,0.86,0.87,0.846,0.85,97931300,83574299,False
2022-05-17,0.848,0.866,0.837,0.866,107275400,91624572,False
2022-05-18,0.864,0.873,0.853,0.869,103127275,89095911,False
2022-05-19,0.855,0.873,0.849,0.873,139746845,120647897,False
2022-05-20,0.873,0.882,0.855,0.868,126162400,109266554,False
2022-05-23,0.863,0.864,0.844,0.858,120171200,102485354,False
2022-05-24,0.86,0.881,0.832,0.834,168455800,145186926,False
2022-05-25,0.831,0.845,0.828,0.844,98885048,82715690,False
2022-05-26,0.84,0.887,0.838,0.87,222020487,192516416,False
2022-05-27,0.878,0.885,0.861,0.868,183212700,160312974,False
2022-05-30,0.872,0.878,0.858,0.874,165100500,143562562,False
2022-05-31,0.872,0.882,0.861,0.877,192518600,168634157,False
2022-06-01,0.877,0.891,0.875,0.883,193184393,171005871,False
2022-06-02,0.879,0.904,0.878,0.903,199661919,178607026,False
2022-06-06,0.907,0.925,0.896,0.921,134101300,122414158,False
2022-06-07,0.922,0.925,0.904,0.916,104697800,95639695,False
2022-06-08,0.914,0.921,0.89,0.906,159009000,143915592,False
2022-06-09,0.906,0.906,0.877,0.883,133296400,118331540,False
2022-06-10,0.879,0.919,0.878,0.917,188693803,170728748,False
2022-06-13,0.918,0.924,0.896,0.917,207032300,188388778,False
2022-06-14,0.9,0.905,0.874,0.895,200878000,178478296,False
2022-06-15,0.89,0.908,0.889,0.893,172232500,155382040,False
2022-06-16,0.891,0.909,0.89,0.898,117702537,105971596,False
2022-06-17,0.887,0.906,0.883,0.905,119360700,107190900,False
2022-06-20,0.905,0.924,0.904,0.92,277605400,255442318,False
2022-06-21,0.917,0.92,0.89,0.899,153345300,138387971,False
2022-06-22,0.897,0.906,0.88,0.881,127691800,113856749,False
2022-06-23,0.881,0.949,0.88,0.947,304792800,279641774,False
2022-06-24,0.97,0.983,0.946,0.975,290758966,281717256,False
2022-06-27,0.983,0.984,0.96,0.973,205509352,199257534,False
2022-06-28,0.972,0.997,0.965,0.992,191961052,189847801,False
2022-06-29,0.99,0.992,0.959,0.969,183661930,179279217,False
2022-06-30,0.969,0.976,0.958,0.972,205492579,199032414,False
2022-07-01,0.974,0.985,0.955,0.963,329874000,318535470,False
2022-07-04,0.964,1.006,0.948,1.005,328489623,325497256,False
2022-07-05,1.004,1.005,0.978,0.993,259297548,256603665,False
2022-07-06,0.991,1.004,0.972,0.985,175968600,174237815,False
2022-07-07,0.984,1.015,0.984,1.011,237602024,239045180,False
2022-07-08,1.006,1.009,0.987,0.989,217950600,217048722,False
2022-07-11,0.986,0.989,0.964,0.986,269228272,263104575,False
2022-07-12,0.981,1.005,0.967,0.968,260729748,256560718,False
2022-07-13,0.962,0.973,0.949,0.957,185674926,177959893,False
2022-07-14,0.958,0.987,0.955,0.983,208036748,203469485,False
2022-07-15,0.981,0.998,0.971,0.973,157814000,155649834,False
2022-07-18,0.971,0.978,0.95,0.97,191193904,183863889,False
2022-07-19,0.969,0.979,0.959,0.964,171468800,165996513,False
2022-07-20,0.966,1.005,0.966,1.003,306648100,304149140,False
2022-07-21,1.003,1.004,0.984,0.984,250039200,247656983,False
2022-07-22,0.986,0.999,0.969,0.98,193037000,189558891,False
2022-07-25,0.988,1.0,0.965,0.969,182125500,178558581,False
2022-07-26,0.969,0.983,0.959,0.975,183945500,179112953,False
2022-07-27,0.973,0.993,0.969,0.978,147488100,144782583,False
2022-07-28,0.981,0.994,0.975,0.992,289152400,285081303,False
2022-07-29,0.993,0.993,0.964,0.967,204673200,198996010,False
2022-08-01,0.972,0.979,0.963,0.968,191441700,185651703,False
2022-08-02,0.977,0.986,0.95,0.956,261733700,252783204,False
2022-08-03,0.952,1.006,0.946,0.992,439158400,434354808,False
2022-08-04,0.994,0.997,0.975,0.98,385457100,378417920,False
2022-08-05,0.977,0.988,0.965,0.986,229075592,223365223,False
2022-08-08,0.986,1.012,0.981,1.011,231795901,233021917,False
2022-08-09,1.008,1.04,1.0,1.033,267557206,272177566,False
2022-08-10,1.027,1.05,1.026,1.039,238864530,248545477,False
2022-08-11,1.033,1.038,1.021,1.034,207080991,212908238,False
2022-08-12,1.032,1.032,1.006,1.007,277818000,281549151,False
2022-08-15,1.002,1.015,1.001,1.013,133942600,135179125,False
2022-08-16,1.01,1.028,1.008,1.015,125540400,127900286,False
2022-08-17,1.014,1.014,0.997,1.006,278582400,279513210,False
2022-08-18,1.002,1.013,1.001,1.011,146125298,147392470,False
2022-08-19,1.01,1.023,0.991,0.993,150467489,151679953,False
2022-08-22,0.994,1.013,0.989,1.009,144764260,145499871,False
2022-08-23,1.006,1.012,0.998,1.002,113391861,113682841,False
2022-08-24,0.999,1.003,0.964,0.967,218520512,214165486,False
2022-08-25,0.965,0.973,0.948,0.961,185522000,177813444,False
2022-08-26,0.96,0.965,0.939,0.944,215133650,204390586,False
2022-08-29,0.935,0.97,0.928,0.963,147084369,140898136,False
2022-08-30,0.962,0.968,0.952,0.953,88397875,84755468,False
2022-08-31,0.953,0.96,0.925,0.928,125258782,117565990,False
2022-09-01,0.929,0.94,0.923,0.926,85681146,79926374,False
2022-09-02,0.926,0.94,0.92,0.93,96608400,89780086,False
2022-09-05,0.926,0.944,0.923,0.932,96301500,89861908,False
2022-09-06,0.933,0.967,0.933,0.963,161560291,154621603,False
2022-09-07,0.96,0.979,0.957,0.976,111124424,107881434,False
2022-09-08,0.972,1.0,0.972,0.994,154816909,153504671,False
2022-09-09,0.994,1.008,0.982,0.991,142246790,141140813,False
2022-09-13,0.993,1.007,0.989,1.005,125367430,125246800,False
2022-09-14,0.993,1.027,0.99,1.023,172279100,175260478,False
2022-09-15,1.02,1.022,0.982,0.997,148510473,148485357,False
2022-09-16,0.993,1.027,0.99,1.001,228841403,231816808,False
2022-09-19,0.996,1.011,0.973,0.982,175055543,172704219,False
2022-09-20,0.984,0.995,0.976,0.98,102674209,100937675,False
2022-09-21,0.976,0.979,0.956,0.971,182142859,175620617,False
2022-09-22,0.967,1.005,0.965,0.995,185203459,184133975,False
2022-09-23,0.994,1.025,0.987,0.993,193965600,193945182,False
2022-09-26,0.983,0.988,0.963,0.965,139793300,136111651,False
2022-09-27,0.964,0.984,0.962,0.98,98505400,96070901,False
2022-09-28,0.978,0.992,0.94,0.944,143930264,138127181,False
2022-09-29,0.95,0.965,0.944,0.948,101555643,96946639,False
2022-09-30,0.948,0.948,0.915,0.917,180700682,167313480,False
2022-10-10,0.917,0.926,0.898,0.901,108231061,98387561,False
2022-10-11,0.903,0.912,0.892,0.906,114721619,103541407,False
2022-10-12,0.904,0.925,0.88,0.922,141432500,127150583,False
2022-10-13,0.913,0.941,0.911,0.93,117659015,109591272,False
2022-10-14,0.937,0.957,0.926,0.952,118959600,112441341,False
2022-10-17,0.956,0.984,0.951,0.978,124592523,121188429,False
2022-10-18,0.976,0.986,0.965,0.98,106477032,104121721,False
2022-10-19,0.977,0.985,0.967,0.972,98024600,95630566,False
2022-10-20,0.967,0.982,0.953,0.97,159651500,154369221,False
2022-10-21,0.97,0.978,0.955,0.965,139953187,134901889,False
2022-10-24,0.974,1.029,0.974,1.017,286256912,289442548,False
2022-10-25,1.015,1.03,1.003,1.016,225423741,229490123,False
2022-10-26,1.013,1.032,0.995,1.024,144259118,146487285,False
2022-10-27,1.024,1.03,1.006,1.014,154304600,156642908,False
2022-10-28,1.009,1.022,0.995,1.001,149728618,151250866,False
2022-10-31,0.99,1.033,0.971,1.028,195930410,197048941,False
2022-11-01,1.023,1.029,0.994,1.012,308125400,310848803,False
2022-11-02,1.004,1.011,0.986,0.992,304771759,303209536,False
2022-11-03,0.988,1.011,0.982,1.003,195023085,195148143,False
2022-11-04,1.0,1.005,0.992,1.004,268669759,268612786,False
2022-11-07,1.006,1.012,0.973,0.981,262974000,259328329,False
2022-11-08,0.98,0.985,0.972,0.982,180219623,176638002,False
2022-11-09,0.992,0.997,0.973,0.974,159371685,156898023,False
2022-11-10,0.967,0.969,0.949,0.956,186706102,178591629,False
2022-11-11,0.97,0.976,0.948,0.961,230432200,221431448,False
2022-11-14,0.957,0.963,0.941,0.945,228768514,217478287,False
2022-11-15,0.942,0.963,0.939,0.962,201583011,192838196,False
2022-11-16,0.962,0.978,0.955,0.96,242919400,234773848,False
2022-11-17,0.951,0.961,0.932,0.96,217913000,205567265,False
2022-11-18,0.954,0.959,0.942,0.943,150541800,142865444,False
2022-11-21,0.94,0.96,0.936,0.957,144587876,137763157,False
2022-11-22,0.955,0.963,0.945,0.948,138619600,132267339,False
2022-11-23,0.949,0.95,0.931,0.945,95914800,90178821,False
2022-11-24,0.946,0.952,0.937,0.939,96245800,90612937,False
2022-11-25,0.936,0.938,0.923,0.925,117807200,109591938,False
2022-11-28,0.916,0.929,0.909,0.926,115767100,106520182,False
2022-11-29,0.927,0.935,0.918,0.924,191409600,176948951,False
2022-11-30,0.927,0.929,0.916,0.919,178214895,164051439,False
2022-12-01,0.922,0.936,0.92,0.934,178350956,165839202,False
2022-12-02,0.932,0.937,0.92,0.922,175982045,163289855,False
2022-12-05,0.924,0.926,0.911,0.916,204587873,187375606,False
2022-12-06,0.917,0.925,0.903,0.924,245381152,224482982,False
2022-12-07,0.919,0.926,0.917,0.921,152128303,140180717,False
2022-12-08,0.917,0.92,0.904,0.906,197274562,179415762,False
2022-12-09,0.905,0.911,0.896,0.905,164996400,148814505,False
2022-12-12,0.904,0.92,0.894,0.915,189179500,171872999,False
2022-12-13,0.913,0.916,0.898,0.899,153442000,138834645,False
2022-12-14,0.901,0.91,0.893,0.895,141783400,127652787,False
2022-12-15,0.895,0.9,0.89,0.897,103867300,93067734,False
2022-12-16,0.891,0.895,0.882,0.887,148225500,131361092,False
2022-12-19,0.884,0.891,0.879,0.882,106093700,93730590,False
2022-12-20,0.879,0.891,0.875,0.88,122079900,107743558,False
2022-12-21,0.876,0.883,0.862,0.865,110670500,96392948,False
2022-12-22,0.864,0.868,0.85,0.856,152597100,130997456,False
2022-12-23,0.848,0.855,0.841,0.843,108807200,92179757,False
2022-12-26,0.848,0.877,0.847,0.877,196700200,170443576,False
2022-12-27,0.879,0.885,0.873,0.883,101897783,89541370,False
2022-12-28,0.881,0.888,0.869,0.873,100548100,88164716,False
2022-12-29,0.87,0.894,0.867,0.889,178281600,157404694,False
2022-12-30,0.885,0.895,0.883,0.887,100006400,88801333,False
2023-01-03,0.886,0.913,0.884,0.913,178735529,161497828,False
2023-01-04,0.907,0.913,0.898,0.904,174036000,157393130,False
2023-01-05,0.901,0.909,0.899,0.907,123743600,111974820,False
2023-01-06,0.906,0.909,0.896,0.899,184095300,165974129,False
2023-01-09,0.899,0.899,0.877,0.882,270401301,239336505,False
2023-01-10,0.883,0.883,0.866,0.871,188792449,164303183,False
2023-01-11,0.872,0.879,0.86,0.861,199456049,173199558,False
2023-01-12,0.875,0.881,0.862,0.862,263689700,229290139,False
2023-01-13,0.863,0.865,0.852,0.857,223165700,191208730,False
2023-01-16,0.857,0.871,0.857,0.87,236393700,204734301,False
2023-01-17,0.87,0.887,0.865,0.878,262131568,230202229,False
2023-01-18,0.876,0.881,0.872,0.879,131945407,115892655,False
2023-01-19,0.875,0.897,0.875,0.896,231607782,205478654,False
2023-01-20,0.895,0.905,0.892,0.899,183214482,164803141,False
2023-01-30,0.91,0.933,0.905,0.923,351726800,322658470,False
2023-01-31,0.923,0.929,0.918,0.926,170897000,157969839,False
2023-02-01,0.926,0.932,0.92,0.932,227009900,210503902,False
2023-02-02,0.935,0.936,0.912,0.915,330375130,303697987,False
2023-02-03,0.911,0.929,0.907,0.929,278766665,256455265,False
2023-02-06,0.925,0.933,0.917,0.92,142045897,131147523,False
2023-02-07,0.924,0.924,0.908,0.913,154850800,141420725,False
2023-02-08,0.913,0.913,0.898,0.898,201144003,181712165,False
2023-02-09,0.895,0.918,0.895,0.915,222394250,202404242,False
2023-02-10,0.912,0.917,0.9,0.904,174932003,158505533,False
2023-02-13,0.905,0.914,0.904,0.906,156930850,142400792,False
2023-02-14,0.905,0.906,0.895,0.901,178789500,160821445,False
2023-02-15,0.9,0.902,0.894,0.899,140939700,126511281,False
2023-02-16,0.899,0.901,0.878,0.885,207374673,184948776,False
2023-02-17,0.887,0.888,0.872,0.879,214270500,188280149,False
2023-02-20,0.879,0.882,0.867,0.881,233563540,203673478,False
2023-02-21,0.881,0.894,0.878,0.887,197830400,175430790,False
2023-02-22,0.882,0.892,0.882,0.888,149561100,132806454,False
2023-02-23,0.887,0.889,0.882,0.886,149786100,132752321,False
2023-02-24,0.886,0.907,0.886,0.899,278017618,250441033,False
2023-02-27,0.899,0.906,0.892,0.895,167862920,150826642,False
2023-02-28,0.895,0.896,0.886,0.896,120397717,107270317,False
2023-03-01,0.893,0.896,0.889,0.895,188033700,167885775,False
2023-03-02,0.895,0.902,0.892,0.895,144652357,129674552,False
2023-03-03,0.896,0.908,0.89,0.908,272904635,246157285,False
2023-03-06,0.914,0.926,0.911,0.916,311631934,286194803,False
2023-03-07,0.913,0.92,0.894,0.896,159700490,144425801,False
2023-03-08,0.894,0.909,0.892,0.905,126561244,114036327,False
2023-03-09,0.903,0.908,0.894,0.896,126769821,113918861,False
2023-03-10,0.892,0.894,0.878,0.881,140950610,124767451,False
2023-03-13,0.88,0.886,0.875,0.882,104075501,91497277,False
2023-03-14,0.88,0.882,0.86,0.872,157317900,137114581,False
2023-03-15,0.875,0.877,0.86,0.862,162651200,140937136,False
2023-03-16,0.858,0.864,0.845,0.847,192034000,163842690,False
2023-03-17,0.851,0.853,0.845,0.848,153172130,130023278,False
2023-03-20,0.847,0.847,0.832,0.835,239786690,200536203,False
2023-03-21,0.845,0.859,0.845,0.856,211909857,180876051,False
2023-03-22,0.856,0.856,0.845,0.849,205391200,174576580,False
2023-03-23,0.848,0.853,0.841,0.852,183569316,155366838,False
2023-03-24,0.848,0.85,0.843,0.845,147899900,124953766,False
2023-03-27,0.844,0.844,0.834,0.838,179430778,150267198,False
2023-03-28,0.837,0.838,0.82,0.823,238362400,197485103,False
2023-03-29,0.821,0.822,0.81,0.815,193016893,157262615,False
2023-03-30,0.815,0.821,0.812,0.821,133925203,109429027,False
2023-03-31,0.821,0.825,0.818,0.822,163366600,134071511,False
2023-04-03,0.82,0.831,0.82,0.831,181890900,150432465,False
2023-04-04,0.83,0.831,0.814,0.821,204965400,168325189,False
2023-04-06,0.821,0.84,0.817,0.838,260339700,216034011,False
2023-04-07,0.837,0.847,0.835,0.839,245512300,206769892,False
2023-04-10,0.844,0.847,0.837,0.839,190417800,160153566,False
2023-04-11,0.838,0.839,0.829,0.833,203121210,168960723,False
2023-04-12,0.832,0.833,0.825,0.828,128454900,106413614,False
2023-04-13,0.826,0.83,0.821,0.825,142411124,117387392,False
2023-04-14,0.825,0.83,0.822,0.829,114394927,94467317,False
2023-04-17,0.828,0.835,0.825,0.835,128138085,106394095,False
2023-04-18,0.835,0.836,0.829,0.832,182564600,151940981,False
2023-04-19,0.832,0.832,0.82,0.821,206481100,169929308,False
2023-04-20,0.82,0.821,0.808,0.812,197110607,159954522,False
2023-04-21,0.812,0.83,0.81,0.816,285074700,234685447,False
2023-04-24,0.816,0.817,0.798,0.803,212709500,170889614,False
2023-04-25,0.802,0.81,0.782,0.789,246681099,195924230,False
2023-04-26,0.786,0.807,0.785,0.805,175565179,140796330,False
2023-04-27,0.804,0.821,0.8,0.819,206393675,168318943,False
2023-04-28,0.818,0.82,0.811,0.818,167911600,136836799,False
2023-05-04,0.816,0.819,0.806,0.811,132719924,107825099,False
2023-05-05,0.81,0.811,0.796,0.798,152390800,122033430,False
2023-05-08,0.801,0.818,0.799,0.817,178986100,145045436,False
2023-05-09,0.816,0.825,0.802,0.804,182791500,148923399,False
2023-05-10,0.8,0.802,0.793,0.798,137046203,108980666,False
2023-05-11,0.798,0.799,0.793,0.795,100901600,80191561,False
2023-05-12,0.795,0.796,0.781,0.783,162057100,127477955,False
2023-05-15,0.782,0.805,0.781,0.803,305869676,243474978,False
2023-05-16,0.803,0.804,0.797,0.8,251075620,200889550,False
2023-05-17,0.8,0.82,0.798,0.817,222609784,180572017,False
2023-05-18,0.814,0.818,0.808,0.811,127120755,103251472,False
2023-05-19,0.809,0.822,0.806,0.822,224291320,183538712,False
2023-05-22,0.822,0.826,0.816,0.819,122960300,100598053,False
2023-05-23,0.817,0.818,0.807,0.808,114648300,93056133,False
2023-05-24,0.805,0.811,0.8,0.801,119810781,96347289,False
2023-05-25,0.799,0.812,0.798,0.806,116381800,93659497,False
2023-05-26,0.805,0.806,0.796,0.802,140616400,112421356,False
2023-05-29,0.81,0.816,0.8,0.803,129828900,104654693,False
2023-05-30,0.8,0.801,0.779,0.79,173968476,136994184,False
2023-05-31,0.788,0.801,0.787,0.79,126438090,100370990,False
2023-06-01,0.788,0.795,0.783,0.79,105357000,83195464,False
2023-06-02,0.793,0.795,0.788,0.791,151146300,119539350,False
2023-06-05,0.793,0.793,0.776,0.776,181989500,142106098,False
2023-06-06,0.777,0.778,0.758,0.761,249431100,191261909,False
2023-06-07,0.76,0.762,0.749,0.753,161266489,121350898,False
2023-06-08,0.751,0.755,0.747,0.753,132255500,99268163,False
2023-06-09,0.754,0.76,0.748,0.759,140386570,105600720,False
2023-06-12,0.758,0.758,0.751,0.753,118299900,89200107,False
2023-06-13,0.751,0.753,0.747,0.751,103672400,77696077,False
2023-06-14,0.751,0.752,0.747,0.749,120080000,89985751,False
2023-06-15,0.749,0.763,0.747,0.762,225396831,170586903,False
2023-06-16,0.762,0.772,0.761,0.77,162020800,124387411,False
2023-06-19,0.77,0.774,0.768,0.768,130650500,100662912,False
2023-06-20,0.769,0.796,0.768,0.791,333904700,262379144,False
2023-06-21,0.79,0.792,0.779,0.78,99335200,77939522,False
2023-06-26,0.78,0.782,0.77,0.773,112207900,87009822,False
2023-06-27,0.774,0.784,0.774,0.782,99796400,77860488,False
2023-06-28,0.782,0.794,0.772,0.792,143068114,112144361,False
2023-06-29,0.788,0.803,0.787,0.8,168117200,134401081,False
2023-06-30,0.798,0.827,0.798,0.823,318690600,260705529,False
2023-07-03,0.823,0.833,0.82,0.828,220776400,183009813,False
2023-07-04,0.828,0.832,0.824,0.829,147166200,121977958,False
2023-07-05,0.827,0.831,0.821,0.821,109053600,89894265,False
2023-07-06,0.819,0.821,0.809,0.81,89699300,73084172,False
2023-07-07,0.809,0.812,0.802,0.803,106215800,85479968,False
2023-07-10,0.805,0.813,0.802,0.807,81496600,65720683,False
2023-07-11,0.806,0.815,0.806,0.814,83613600,67960485,False
2023-07-12,0.816,0.816,0.8,0.801,118887000,95566763,False
2023-07-13,0.803,0.808,0.802,0.805,109397085,88074718,False
2023-07-14,0.804,0.806,0.798,0.799,110392600,88367850,False
2023-07-17,0.797,0.802,0.792,0.798,79520007,63364675,False
2023-07-18,0.798,0.806,0.793,0.804,93766693,75169420,False
2023-07-19,0.805,0.805,0.793,0.796,97100100,77356503,False
2023-07-20,0.796,0.799,0.785,0.786,93352900,73851098,False
2023-07-21,0.785,0.79,0.781,0.784,74483300,58469949,False
2023-07-24,0.781,0.793,0.781,0.788,69314500,54658899,False
2023-07-25,0.791,0.795,0.786,0.793,149890900,118481010,False
2023-07-26,0.793,0.794,0.789,0.791,76385900,60393943,False
2023-07-27,0.794,0.797,0.784,0.787,133935300,105962638,False
2023-07-28,0.782,0.785,0.776,0.784,175093731,136680480,False
2023-07-31,0.785,0.786,0.777,0.782,244855894,191153861,False
2023-08-01,0.781,0.789,0.78,0.787,173252731,136210606,False
2023-08-02,0.786,0.792,0.781,0.783,100273331,78765361,False
2023-08-03,0.78,0.781,0.776,0.78,120368400,93655220,False
2023-08-04,0.779,0.782,0.773,0.78,186119500,144720781,False
2023-08-07,0.778,0.78,0.774,0.777,114108000,88649103,False
2023-08-08,0.776,0.776,0.765,0.771,138356720,106288216,False
2023-08-09,0.767,0.769,0.765,0.766,91837800,70366289,False
2023-08-10,0.768,0.772,0.766,0.769,98963412,76089448,False
2023-08-11,0.768,0.769,0.76,0.761,108733300,83174101,False
2023-08-14,0.756,0.764,0.752,0.764,117411774,88879200,False
2023-08-15,0.762,0.764,0.752,0.756,101032500,76460844,False
2023-08-16,0.755,0.76,0.746,0.746,103449600,77733045,False
2023-08-17,0.744,0.778,0.74,0.776,318743379,243918499,False
2023-08-18,0.771,0.785,0.769,0.77,247687700,192718301,False
2023-08-21,0.77,0.773,0.756,0.757,136466600,104352777,False
2023-08-22,0.756,0.77,0.753,0.768,187148446,143134594,False
2023-08-23,0.765,0.765,0.747,0.748,111755200,84322901,False
2023-08-24,0.75,0.755,0.74,0.75,96418000,72157463,False
2023-08-25,0.745,0.755,0.738,0.74,109745988,81773688,False
2023-08-28,0.766,0.776,0.744,0.746,191853800,145202563,False
2023-08-29,0.747,0.772,0.743,0.766,180489700,137438959,False
2023-08-30,0.766,0.778,0.763,0.77,126838100,97932903,False
2023-08-31,0.77,0.773,0.765,0.769,97004200,74571711,False
2023-09-01,0.768,0.768,0.759,0.765,84960100,64809111,False
2023-09-04,0.764,0.771,0.762,0.771,92378000,70787764,False
2023-09-05,0.767,0.773,0.765,0.767,77399900,59542010,False
2023-09-06,0.764,0.784,0.762,0.783,183067900,142217203,False
2023-09-07,0.782,0.784,0.774,0.775,130583300,101590020,False
2023-09-08,0.772,0.793,0.77,0.791,228737100,180172591,False
2023-09-11,0.792,0.792,0.774,0.779,185908100,144817852,False
2023-09-12,0.776,0.777,0.771,0.775,76275900,59058389,False
2023-09-13,0.773,0.773,0.76,0.764,112103200,85740204,False
2023-09-14,0.762,0.765,0.76,0.764,71916700,54871923,False
2023-09-15,0.764,0.766,0.76,0.766,115283894,87922302,False
2023-09-18,0.763,0.763,0.755,0.758,117356417,88973673,False
2023-09-19,0.757,0.758,0.746,0.747,89186100,66831194,False
2023-09-20,0.746,0.749,0.741,0.742,68328000,50807792,False
2023-09-21,0.741,0.749,0.74,0.742,81627200,60651332,False
2023-09-22,0.74,0.748,0.737,0.748,92523800,68667346,False
2023-09-25,0.746,0.746,0.736,0.738,88617100,65507855,False
2023-09-26,0.738,0.739,0.726,0.726,159140100,116044925,False
2023-09-27,0.726,0.735,0.726,0.732,70042800,51157507,False
2023-09-28,0.732,0.742,0.731,0.741,149157100,110282937,False
2023-10-09,0.742,0.746,0.737,0.742,66763269,49498347,False
2023-10-10,0.745,0.746,0.738,0.74,62702400,46466836,False
2023-10-11,0.742,0.742,0.723,0.728,191248100,139414183,False
2023-10-12,0.73,0.73,0.722,0.727,119365700,86547739,False
2023-10-13,0.724,0.724,0.711,0.715,124085800,88840142,False
2023-10-16,0.714,0.718,0.705,0.708,116740100,83050476,False
2023-10-17,0.708,0.71,0.7,0.71,100854800,71088813,False
2023-10-18,0.707,0.708,0.697,0.699,99149700,69509615,False
2023-10-19,0.696,0.7,0.692,0.692,89150100,62053603,False
2023-10-20,0.69,0.693,0.681,0.682,86399900,59248197,False
2023-10-23,0.681,0.691,0.677,0.678,106034455,72577895,False
2023-10-24,0.68,0.685,0.672,0.684,88741275,60351703,False
2023-10-25,0.688,0.7,0.687,0.693,119965163,83308803,False
2023-10-26,0.69,0.697,0.681,0.696,110724700,76264740,False
2023-10-27,0.692,0.703,0.688,0.701,96323100,67186313,False
2023-10-30,0.7,0.708,0.697,0.706,93270883,65596506,False
2023-10-31,0.704,0.709,0.702,0.707,78534700,55389702,False
2023-11-01,0.706,0.71,0.701,0.702,64360300,45300945,False
2023-11-02,0.704,0.706,0.69,0.69,82544500,57335717,False
2023-11-03,0.691,0.703,0.691,0.701,115046900,80481615,False
2023-11-06,0.704,0.711,0.703,0.71,109385300,77456411,False
2023-11-07,0.709,0.71,0.705,0.709,69807100,49404232,False
2023-11-08,0.707,0.711,0.702,0.706,82373700,58188084,False
2023-11-09,0.706,0.71,0.703,0.707,71778958,50708975,False
2023-11-10,0.704,0.71,0.702,0.708,87095700,61535555,False
2023-11-13,0.709,0.736,0.706,0.734,300676192,217939619,False
2023-11-14,0.731,0.745,0.731,0.739,214759400,158758959,False
2023-11-15,0.739,0.742,0.731,0.735,108190300,79487772,False
2023-11-16,0.734,0.736,0.727,0.728,71628300,52388364,False
2023-11-17,0.727,0.729,0.722,0.729,66721900,48459613,False
2023-11-20,0.728,0.744,0.727,0.743,164716100,121292942,False
2023-11-21,0.743,0.743,0.733,0.734,234455700,173373599,False
2023-11-22,0.732,0.736,0.726,0.727,84228618,61510563,False
2023-11-23,0.726,0.731,0.723,0.73,96276982,69961718,False
2023-11-24,0.73,0.73,0.714,0.716,106491200,76632663,False
2023-11-27,0.712,0.722,0.712,0.719,81930975,58703484,False
2023-11-28,0.719,0.722,0.716,0.72,71200500,51215714,False
2023-11-29,0.722,0.724,0.716,0.718,176184800,126899001,False
2023-11-30,0.718,0.719,0.705,0.708,97857600,69515519,False
2023-12-01,0.708,0.713,0.704,0.711,101837500,72109765,False
2023-12-04,0.713,0.719,0.711,0.715,92728322,66338954,False
2023-12-05,0.714,0.715,0.699,0.7,172865101,121900365,False
2023-12-06,0.699,0.704,0.697,0.701,87231801,61126442,False
2023-12-07,0.701,0.701,0.691,0.695,79931609,55498648,False
2023-12-08,0.695,0.696,0.682,0.683,218829200,150097605,False
2023-12-11,0.681,0.699,0.677,0.698,219161643,150772923,False
2023-12-12,0.697,0.705,0.694,0.697,86381800,60344468,False
2023-12-13,0.694,0.709,0.692,0.695,83095600,58339540,False
2023-12-14,0.696,0.701,0.689,0.69,64879080,44948839,False
2023-12-15,0.692,0.692,0.681,0.684,80222600,54950422,False
2023-12-18,0.683,0.683,0.665,0.668,133146100,89605803,False
2023-12-19,0.668,0.669,0.657,0.662,150656225,99748630,False
2023-12-20,0.662,0.663,0.645,0.647,153737400,100225444,False
2023-12-21,0.645,0.654,0.639,0.652,168915656,109300257,False
2023-12-22,0.655,0.679,0.647,0.673,237215788,158364187,False
2023-12-25,0.673,0.695,0.67,0.688,253592400,174229693,False
2023-12-26,0.683,0.686,0.671,0.681,154018600,104156375,False
2023-12-27,0.677,0.679,0.671,0.679,121759200,82291084,False
2023-12-28,0.679,0.692,0.676,0.688,164860900,113186828,False
2023-12-29,0.689,0.696,0.685,0.696,86689600,60003211,False
2024-01-02,0.695,0.71,0.694,0.699,159263300,112001662,False
2024-01-03,0.696,0.698,0.684,0.689,105129900,72440137,False
2024-01-04,0.687,0.691,0.676,0.681,101976900,69523920,False
2024-01-05,0.678,0.679,0.651,0.66,194253100,129001757,False
2024-01-08,0.657,0.657,0.634,0.635,126426700,81255634,False
2024-01-09,0.637,0.639,0.627,0.631,111861628,70687203,False
2024-01-10,0.628,0.634,0.619,0.624,127763123,79890211,False
2024-01-11,0.622,0.634,0.622,0.633,174402960,109361377,False
2024-01-12,0.63,0.634,0.625,0.629,108919700,68530900,False
2024-01-15,0.624,0.627,0.61,0.612,161053600,99185175,False
2024-01-16,0.611,0.612,0.595,0.605,158763204,95849455,False
2024-01-17,0.602,0.604,0.585,0.587,131106377,77763854,False
2024-01-18,0.584,0.59,0.568,0.588,218151800,125799431,False
2024-01-19,0.584,0.589,0.579,0.581,113356500,66183298,False
2024-01-22,0.581,0.581,0.552,0.556,154853800,88084260,False
2024-01-23,0.556,0.565,0.55,0.562,117934300,65920083,False
2024-01-24,0.565,0.569,0.548,0.568,150866500,84269125,False
2024-01-25,0.567,0.591,0.564,0.591,197017100,114630414,False
2024-01-26,0.591,0.591,0.58,0.582,136512600,79853550,False
2024-01-29,0.585,0.587,0.57,0.57,128079800,73911731,False
2024-01-30,0.567,0.573,0.558,0.559,111801900,63388009,False
2024-01-31,0.555,0.557,0.534,0.535,135873100,73980997,False
2024-02-01,0.531,0.545,0.526,0.534,128811700,68853667,False
2024-02-02,0.535,0.539,0.496,0.511,172876800,89588496,False
2024-02-05,0.506,0.512,0.475,0.496,368835900,182361508,False
2024-02-06,0.49,0.537,0.49,0.535,244881300,126744682,False
2024-02-07,0.534,0.564,0.533,0.562,222851800,124131443,False
2024-02-08,0.569,0.588,0.563,0.579,149959597,86869465,False
2024-02-19,0.579,0.584,0.562,0.57,155561700,88672566,False
2024-02-20,0.57,0.571,0.561,0.57,87567066,49543509,False
2024-02-21,0.566,0.585,0.563,0.574,148841100,85779654,False
2024-02-22,0.572,0.58,0.571,0.578,91784200,52889812,False
2024-02-23,0.578,0.586,0.572,0.586,151807329,87979498,False
2024-02-26,0.585,0.597,0.58,0.589,127790100,75292694,False
2024-02-27,0.587,0.609,0.584,0.608,134549800,80143957,False
2024-02-28,0.609,0.613,0.582,0.583,200033500,120378637,False
2024-02-29,0.58,0.602,0.578,0.601,131984065,78443257,False
2024-03-01,0.601,0.612,0.6,0.612,148282574,89816424,False
2024-03-04,0.611,0.611,0.6,0.608,118003000,71442982,False
2024-03-05,0.605,0.622,0.601,0.615,176052600,108200591,False
2024-03-06,0.61,0.616,0.602,0.611,155935000,94820434,False
2024-03-07,0.611,0.613,0.596,0.596,102491900,61856906,False
2024-03-08,0.595,0.606,0.592,0.605,93967500,56331690,False
2024-03-11,0.602,0.615,0.601,0.614,98322900,59816987,False
2024-03-12,0.614,0.63,0.614,0.626,150890800,94267875,False
2024-03-13,0.626,0.636,0.62,0.629,168524807,105875896,False
2024-03-14,0.627,0.628,0.611,0.618,110514700,68445495,False
2024-03-15,0.614,0.621,0.61,0.621,86972500,53448679,False
2024-03-18,0.623,0.633,0.62,0.633,145144300,91082308,False
2024-03-19,0.633,0.64,0.629,0.632,108560300,68972347,False
2024-03-20,0.633,0.636,0.627,0.631,111227500,70335651,False
2024-03-21,0.633,0.633,0.622,0.63,97758900,61336594,False
2024-03-22,0.628,0.628,0.616,0.618,108289600,67189967,False
2024-03-25,0.617,0.618,0.601,0.603,99966865,61004234,False
2024-03-26,0.602,0.605,0.589,0.596,129531000,77196968,False
2024-03-27,0.595,0.595,0.573,0.574,140334911,81603167,False
2024-03-28,0.573,0.602,0.573,0.6,206015900,121965203,False
2024-03-29,0.596,0.602,0.589,0.601,150056300,89216331,False
2024-04-01,0.602,0.607,0.6,0.607,125876420,75950990,False
2024-04-02,0.602,0.605,0.592,0.598,103399500,61766693,False
2024-04-03,0.593,0.595,0.585,0.589,82718800,48714129,False
2024-04-08,0.587,0.589,0.573,0.573,109516700,63502543,False
2024-04-09,0.575,0.583,0.573,0.581,85544700,49532558,False
2024-04-10,0.579,0.579,0.563,0.569,116947900,66567171,False
2024-04-11,0.565,0.572,0.563,0.566,100209000,56927283,False
2024-04-12,0.564,0.57,0.561,0.562,84184500,47657794,False
2024-04-15,0.562,0.579,0.559,0.574,134189000,76674738,False
2024-04-16,0.57,0.574,0.554,0.555,142615400,80376050,False
2024-04-17,0.558,0.574,0.556,0.573,139833600,79324389,False
2024-04-18,0.572,0.583,0.568,0.576,132887100,76662297,False
2024-04-19,0.571,0.587,0.571,0.584,145408374,84309006,False
2024-04-22,0.586,0.602,0.58,0.599,177107200,105368847,False
2024-04-23,0.598,0.599,0.588,0.59,117888000,69888562,False
2024-04-24,0.589,0.607,0.588,0.606,135948000,81212775,False
2024-04-25,0.602,0.603,0.592,0.593,155030200,92356969,False
2024-04-26,0.594,0.602,0.591,0.599,126375500,75546554,False
2024-04-29,0.599,0.61,0.595,0.609,156775500,94657827,False
2024-04-30,0.609,0.611,0.599,0.602,146287400,88413975,False
2024-05-06,0.607,0.612,0.605,0.607,100547900,61080062,False
2024-05-07,0.607,0.628,0.603,0.626,216826100,134342252,False
2024-05-08,0.625,0.625,0.616,0.618,135564400,84029569,False
2024-05-09,0.618,0.645,0.615,0.645,225477000,142992520,False
2024-05-10,0.645,0.648,0.633,0.64,306746600,195565545,False
2024-05-13,0.635,0.636,0.622,0.63,132618300,83371046,False
2024-05-14,0.629,0.633,0.621,0.624,100363700,62747451,False
2024-05-15,0.623,0.628,0.616,0.617,112935720,70067787,False
2024-05-16,0.617,0.624,0.613,0.615,143160290,88329730,False
2024-05-17,0.614,0.631,0.613,0.631,183800399,114649384,False
2024-05-20,0.631,0.645,0.626,0.638,239630900,152981388,False
2024-05-21,0.635,0.636,0.626,0.628,110178100,69360517,False
2024-05-22,0.628,0.63,0.621,0.627,88474600,55310967,False
2024-05-23,0.629,0.631,0.619,0.619,160488200,100288058,False
2024-05-24,0.616,0.617,0.606,0.606,130762765,79852779,False
2024-05-27,0.608,0.611,0.594,0.608,120774700,72570608,False
2024-05-28,0.604,0.616,0.6,0.607,126517302,77038952,False
2024-05-29,0.606,0.613,0.601,0.605,91800500,55613823,False
2024-05-30,0.604,0.617,0.597,0.613,159199500,97157240,False
2024-05-31,0.611,0.626,0.611,0.621,132801600,82406593,False
2024-06-03,0.622,0.623,0.611,0.615,117008000,72183233,False
2024-06-04,0.613,0.627,0.611,0.627,133662800,82904989,False
2024-06-05,0.625,0.647,0.623,0.636,260419900,166754364,False
2024-06-06,0.635,0.635,0.619,0.622,193385749,121139050,False
2024-06-07,0.625,0.631,0.615,0.622,255147600,158746353,False
2024-06-11,0.619,0.637,0.615,0.637,175612900,109993878,False
2024-06-12,0.632,0.643,0.632,0.633,136243800,86719891,False
2024-06-13,0.632,0.638,0.627,0.634,132134000,83561092,False
2024-06-14,0.632,0.633,0.622,0.627,121699800,76150965,False
2024-06-17,0.627,0.635,0.625,0.63,113974700,71993502,False
2024-06-18,0.63,0.634,0.627,0.63,103908900,65535765,False
2024-06-19,0.63,0.631,0.619,0.62,114778900,71501873,False
2024-06-20,0.619,0.621,0.606,0.608,135722300,83180301,False
2024-06-21,0.609,0.614,0.604,0.607,129874100,79057131,False
2024-06-24,0.605,0.611,0.594,0.594,125780565,75693875,False
2024-06-25,0.597,0.598,0.581,0.586,131350100,77526776,False
2024-06-26,0.586,0.598,0.582,0.597,103139500,60802746,False
2024-06-27,0.593,0.594,0.585,0.586,106130500,62481557,False
2024-06-28,0.584,0.608,0.584,0.603,204124400,122957243,False
2024-07-01,0.6,0.604,0.592,0.602,217995301,129968403,False
2024-07-02,0.602,0.603,0.592,0.594,126760800,75600952,False
2024-07-03,0.594,0.595,0.582,0.584,127891500,74886579,False
2024-07-04,0.584,0.588,0.577,0.579,96820900,56377915,False
2024-07-05,0.575,0.581,0.568,0.58,102513800,58812850,False
2024-07-08,0.577,0.578,0.564,0.566,117921100,67267114,False
2024-07-09,0.566,0.576,0.56,0.574,149158100,84694535,False
2024-07-10,0.572,0.577,0.57,0.573,95641200,54867785,False
2024-07-11,0.578,0.588,0.575,0.588,113603300,66228996,False
2024-07-12,0.588,0.588,0.58,0.582,133110300,77567727,False
2024-07-15,0.583,0.585,0.576,0.579,98257300,56896294,False
2024-07-16,0.577,0.585,0.575,0.585,106471900,61809502,False
2024-07-17,0.584,0.587,0.581,0.582,140439300,82026081,False
2024-07-18,0.579,0.599,0.576,0.598,228098400,134307960,False
2024-07-19,0.593,0.608,0.592,0.605,223517500,134553486,False
2024-07-22,0.607,0.614,0.605,0.608,177495100,108193396,False
2024-07-23,0.608,0.609,0.591,0.592,135663400,81302039,False
2024-07-24,0.59,0.607,0.589,0.598,160162700,95784633,False
2024-07-25,0.595,0.598,0.588,0.595,109466000,64850946,False
2024-07-26,0.595,0.619,0.594,0.618,230522000,140783126,False
2024-07-29,0.618,0.625,0.614,0.619,147809600,91614747,False
2024-07-30,0.616,0.625,0.609,0.622,239226238,148135463,False
2024-07-31,0.619,0.633,0.614,0.629,270476200,168693996,False
2024-08-01,0.629,0.641,0.628,0.628,251153200,159269087,False
2024-08-02,0.625,0.637,0.619,0.621,192118300,120682061,False
2024-08-05,0.623,0.63,0.607,0.607,156753900,96801331,False
2024-08-06,0.61,0.629,0.61,0.624,173733900,107735439,False
2024-08-07,0.624,0.632,0.62,0.627,113416200,71111234,False
2024-08-08,0.623,0.625,0.603,0.606,205296600,124921044,False
2024-08-09,0.607,0.611,0.599,0.601,98771700,59658024,False
2024-08-12,0.599,0.599,0.59,0.595,89400100,53152580,False
2024-08-13,0.596,0.602,0.594,0.601,95911100,57342250,False
2024-08-14,0.599,0.6,0.591,0.592,71887100,42721846,False
2024-08-15,0.591,0.599,0.587,0.593,124947700,74116549,False
2024-08-16,0.594,0.594,0.58,0.583,161056100,94194426,False
2024-08-19,0.581,0.588,0.579,0.58,128104800,74541252,False
2024-08-20,0.579,0.581,0.567,0.571,179019500,102450136,False
2024-08-21,0.569,0.573,0.565,0.567,99025800,56291533,False
2024-08-22,0.567,0.571,0.561,0.564,102444500,57935934,False
2024-08-23,0.564,0.567,0.56,0.566,90144200,50836326,False
2024-08-26,0.565,0.565,0.555,0.559,116463000,65085618,False
2024-08-27,0.557,0.557,0.549,0.551,92714600,51161388,False
2024-08-28,0.55,0.56,0.548,0.558,147920500,82306390,False
2024-08-29,0.557,0.572,0.554,0.567,158597400,89860214,False
2024-08-30,0.567,0.582,0.565,0.576,158885300,91250741,False
2024-09-02,0.572,0.574,0.56,0.561,137776000,78235291,False
2024-09-03,0.564,0.571,0.562,0.569,81739100,46415302,False
2024-09-04,0.567,0.572,0.563,0.569,86393900,49045387,False
2024-09-05,0.567,0.575,0.567,0.571,105284400,60145127,False
2024-09-06,0.57,0.572,0.56,0.562,100568600,56824192,False
2024-09-09,0.559,0.565,0.555,0.558,104835000,58712865,False
2024-09-10,0.559,0.562,0.549,0.559,125837900,69879972,False
2024-09-11,0.555,0.561,0.555,0.559,97458200,54405250,False
2024-09-12,0.559,0.565,0.554,0.555,77861100,43509266,False
2024-09-13,0.555,0.556,0.548,0.55,78999500,43599323,False
2024-09-18,0.546,0.551,0.538,0.548,92536500,50328008,False
2024-09-19,0.549,0.552,0.537,0.548,114262000,62288445,False
2024-09-20,0.547,0.548,0.538,0.544,111242800,60262910,False
2024-09-23,0.543,0.551,0.543,0.545,107683400,59015928,False
2024-09-24,0.548,0.563,0.543,0.563,179620100,99687121,False
2024-09-25,0.566,0.578,0.563,0.569,187320587,106885339,False
2024-09-26,0.565,0.59,0.565,0.589,252282813,145623792,False
2024-09-27,0.594,0.621,0.594,0.619,168201700,101910232,False
2024-09-30,0.65,0.681,0.635,0.681,475377800,315467551,False
2024-10-08,0.749,0.749,0.706,0.749,856321800,633279025,False
2024-10-09,0.748,0.748,0.689,0.697,580835400,417108302,False
2024-10-10,0.699,0.723,0.681,0.699,373280213,262750152,False
2024-10-11,0.691,0.691,0.65,0.659,326699300,218409831,False
2024-10-14,0.673,0.696,0.664,0.695,500480400,342271378,False
2024-10-15,0.695,0.705,0.674,0.685,479921000,331474808,False
2024-10-16,0.67,0.689,0.665,0.676,337041800,228177348,False
2024-10-17,0.676,0.695,0.676,0.684,373006900,256456414,False
2024-10-18,0.679,0.725,0.674,0.713,515131900,362665040,False
2024-10-21,0.717,0.754,0.715,0.74,666748210,491452507,False
2024-10-22,0.741,0.741,0.718,0.728,430734900,312858945,False
2024-10-23,0.726,0.765,0.721,0.746,611664240,458136713,False
2024-10-24,0.743,0.743,0.722,0.729,317254064,231439105,False
2024-10-25,0.729,0.74,0.727,0.735,363207500,267090077,False
2024-10-28,0.742,0.756,0.737,0.744,363408400,270955119,False
2024-10-29,0.744,0.748,0.733,0.735,311025700,230091813,False
2024-10-30,0.729,0.745,0.725,0.734,231140100,169943804,False
2024-10-31,0.73,0.741,0.723,0.736,236703300,173615846,False
2024-11-01,0.73,0.739,0.712,0.716,257187600,185558011,False
2024-11-04,0.711,0.739,0.711,0.735,292937664,213603884,False
2024-11-05,0.743,0.794,0.743,0.793,622221200,482121181,False
2024-11-06,0.805,0.817,0.787,0.793,506621766,406171732,False
2024-11-07,0.779,0.78,0.753,0.777,638545100,489998274,False
2024-11-08,0.777,0.808,0.776,0.799,585734800,466259785,False
2024-11-11,0.803,0.817,0.789,0.817,420677999,338164760,False
2024-11-12,0.818,0.819,0.774,0.785,565832300,447775551,False
2024-11-13,0.778,0.785,0.764,0.78,277233596,214456754,False
2024-11-14,0.78,0.781,0.747,0.751,494685700,376490422,False
2024-11-15,0.748,0.75,0.722,0.724,297561600,218755544,False
2024-11-18,0.725,0.73,0.709,0.715,259124100,186098136,False
2024-11-19,0.718,0.726,0.706,0.726,226412100,162553668,False
2024-11-20,0.726,0.737,0.72,0.735,190977700,139425069,False
2024-11-21,0.734,0.737,0.727,0.733,130141800,95292203,False
2024-11-22,0.733,0.735,0.708,0.71,218711600,157898375,False
2024-11-25,0.707,0.707,0.685,0.698,223618800,155445314,False
2024-11-26,0.695,0.703,0.692,0.693,117633400,82038516,False
2024-11-27,0.692,0.718,0.682,0.717,327168100,229856980,False
2024-11-28,0.717,0.727,0.711,0.713,214373400,153986408,False
2024-11-29,0.711,0.728,0.704,0.72,215902000,154886610,False
2024-12-02,0.72,0.729,0.718,0.726,183037800,132553704,False
2024-12-03,0.726,0.726,0.712,0.718,194913600,139692648,False
2024-12-04,0.718,0.718,0.703,0.707,191279500,135836810,False
2024-12-05,0.706,0.719,0.704,0.714,152930200,108744379,False
2024-12-06,0.716,0.725,0.709,0.722,186394500,134001799,False
2024-12-09,0.721,0.721,0.705,0.71,191269900,136065599,False
2024-12-10,0.727,0.73,0.717,0.718,278684500,201197650,False
2024-12-11,0.718,0.72,0.714,0.72,113009300,81082237,False
2024-12-12,0.722,0.737,0.722,0.734,256171300,187457022,False
2024-12-13,0.729,0.729,0.711,0.713,244376900,175294728,False
2024-12-16,0.712,0.712,0.699,0.702,171675700,120974723,False
2024-12-17,0.702,0.706,0.693,0.696,148171300,103472601,False
2024-12-18,0.698,0.703,0.696,0.7,130776700,91552513,False
2024-12-19,0.696,0.7,0.689,0.699,142368300,98756056,False
2024-12-20,0.7,0.709,0.696,0.705,152921300,107692892,False
2024-12-23,0.703,0.704,0.689,0.691,160183100,111318738,False
2024-12-24,0.691,0.696,0.688,0.692,115720500,80091380,False
2024-12-25,0.692,0.692,0.68,0.687,138152600,94757942,False
2024-12-26,0.689,0.705,0.689,0.698,197330100,138120035,False
2024-12-27,0.715,0.721,0.707,0.709,379717800,270801874,False
2024-12-30,0.711,0.714,0.702,0.707,142597500,100969721,False
2024-12-31,0.706,0.707,0.693,0.695,150910650,105361669,False
2025-01-02,0.694,0.694,0.658,0.666,265929601,179181697,False
2025-01-03,0.666,0.666,0.645,0.647,191086500,125265054,False
2025-01-06,0.648,0.65,0.635,0.64,134369800,86216017,False
2025-01-07,0.641,0.651,0.64,0.65,123112200,79393452,False
2025-01-08,0.649,0.649,0.625,0.642,149880500,95412299,False
2025-01-09,0.64,0.662,0.637,0.658,207749569,135325648,False
2025-01-10,0.655,0.671,0.651,0.651,204767773,135057892,False
2025-01-13,0.645,0.659,0.641,0.651,132494600,86193472,False
2025-01-14,0.651,0.673,0.648,0.672,182109700,120916515,False
2025-01-15,0.672,0.672,0.658,0.66,187325601,123956334,False
2025-01-16,0.663,0.67,0.653,0.657,150403100,99195043,False
2025-01-17,0.654,0.674,0.653,0.669,166598401,110803561,False
2025-01-20,0.668,0.676,0.668,0.671,105641401,70936935,False
2025-01-21,0.672,0.674,0.661,0.666,110627700,73556252,False
2025-01-22,0.665,0.666,0.656,0.661,104826615,69143136,False
2025-01-23,0.668,0.673,0.657,0.658,117300700,78047372,False
2025-01-24,0.658,0.664,0.655,0.662,115395400,76216266,False
2025-01-27,0.664,0.666,0.655,0.655,90389000,59557370,False
2025-02-05,0.656,0.662,0.652,0.658,97480799,64062242,False
2025-02-06,0.658,0.679,0.654,0.679,226328200,152033794,False
2025-02-07,0.679,0.69,0.675,0.684,202511900,138218915,False
2025-02-10,0.686,0.69,0.682,0.689,141648440,97284930,False
2025-02-11,0.686,0.688,0.677,0.682,145149078,98890779,False
2025-02-12,0.679,0.687,0.678,0.686,181908800,124399625,False
2025-02-13,0.687,0.693,0.68,0.682,136325600,93539504,False
2025-02-14,0.679,0.681,0.671,0.676,196999000,132857984,False
2025-02-17,0.677,0.678,0.666,0.672,199821400,134023295,False
2025-02-18,0.673,0.673,0.652,0.656,207513900,137334257,False
2025-02-19,0.656,0.669,0.655,0.669,165022600,109679265,False
2025-02-20,0.669,0.686,0.666,0.685,267531000,181839058,False
2025-02-21,0.686,0.692,0.679,0.689,288867000,198461094,False
2025-02-24,0.689,0.699,0.684,0.692,164157000,113569107,False
2025-02-25,0.686,0.693,0.682,0.686,128688200,88482792,False
2025-02-26,0.687,0.699,0.686,0.697,168206400,116694598,False
2025-02-27,0.697,0.698,0.679,0.689,182755400,125489627,False
2025-02-28,0.685,0.688,0.67,0.672,165389600,112105804,False
2025-03-03,0.672,0.686,0.672,0.677,137820100,93663252,False
2025-03-04,0.677,0.704,0.675,0.702,380010100,263920516,False
2025-03-05,0.702,0.708,0.698,0.702,225824600,158674204,False
2025-03-06,0.707,0.716,0.7,0.714,234309117,166078726,False
2025-03-07,0.71,0.746,0.71,0.732,490973400,359745942,False
2025-03-10,0.735,0.746,0.731,0.734,327063333,241005559,False
2025-03-11,0.725,0.757,0.723,0.756,413414200,308456590,False
2025-03-12,0.758,0.768,0.747,0.751,443332400,335120705,False
2025-03-13,0.748,0.754,0.737,0.75,330660300,246560809,False
2025-03-14,0.75,0.753,0.736,0.751,373298800,278472436,False
2025-03-17,0.75,0.753,0.744,0.746,211439700,158133902,False
2025-03-18,0.746,0.752,0.739,0.741,270595399,201555728,False
2025-03-19,0.742,0.743,0.731,0.735,217145300,159402450,False
2025-03-20,0.734,0.749,0.729,0.74,304592000,225458589,False
2025-03-21,0.736,0.746,0.728,0.733,224487700,165347306,False
2025-03-24,0.73,0.735,0.707,0.718,274513200,196798900,False
2025-03-25,0.717,0.738,0.716,0.725,320553900,234070484,False
2025-03-26,0.723,0.731,0.72,0.723,184002921,133486743,False
2025-03-27,0.723,0.727,0.707,0.718,151661800,108580467,False
2025-03-28,0.719,0.721,0.71,0.713,195451700,139564850,False
2025-03-31,0.71,0.71,0.691,0.699,269880000,188516550,False
2025-04-01,0.703,0.722,0.703,0.714,398880800,284445099,False
2025-04-02,0.712,0.712,0.697,0.702,298866800,209747840,False
2025-04-03,0.7,0.708,0.694,0.697,419375300,293971460,False
2025-04-07,0.676,0.68,0.627,0.64,603169800,396602058,False
2025-04-08,0.64,0.657,0.64,0.652,258990100,167898553,False
2025-04-09,0.647,0.694,0.643,0.693,518540200,351916145,False
2025-04-10,0.693,0.703,0.683,0.696,421917500,293769648,False
2025-04-11,0.69,0.711,0.69,0.704,378176400,265398872,False
2025-04-14,0.703,0.707,0.699,0.701,189878100,133328618,False
2025-04-15,0.701,0.702,0.682,0.688,233095900,160160184,False
2025-04-16,0.688,0.696,0.677,0.685,187095300,128049193,False
2025-04-17,0.681,0.695,0.68,0.684,405354300,278957386,False
2025-04-18,0.681,0.683,0.675,0.679,161746700,109704268,False
2025-04-21,0.679,0.693,0.678,0.691,237912900,163763116,False
2025-04-22,0.69,0.694,0.685,0.688,142031100,97949039,False
2025-04-23,0.69,0.692,0.681,0.686,205874500,141022025,False
2025-04-24,0.684,0.684,0.676,0.679,194124890,132142612,False
2025-04-25,0.68,0.684,0.674,0.68,133637100,90770513,False
2025-04-28,0.681,0.682,0.674,0.675,130575900,88323180,False
2025-04-29,0.671,0.675,0.665,0.673,144582200,96959601,False
2025-04-30,0.672,0.678,0.671,0.676,226645380,153295454,False
2025-05-06,0.68,0.687,0.679,0.687,198388900,135495201,False
2025-05-07,0.695,0.726,0.695,0.713,701059177,497001615,False
2025-05-08,0.712,0.734,0.704,0.733,573758498,412838751,False
2025-05-09,0.733,0.733,0.711,0.713,524594500,375879623,False
2025-05-12,0.713,0.759,0.711,0.749,714649300,530422994,False
2025-05-13,0.75,0.75,0.723,0.726,609078290,445721331,False
2025-05-14,0.726,0.73,0.717,0.72,290844788,209758536,False
2025-05-15,0.72,0.722,0.705,0.707,307006295,218261914,False
2025-05-16,0.705,0.717,0.705,0.706,256012080,181760410,False
2025-05-19,0.709,0.717,0.704,0.715,290951938,207452783,False
2025-05-20,0.714,0.715,0.705,0.71,371556769,263751612,False
2025-05-21,0.707,0.714,0.707,0.713,810208069,576300042,False
2025-05-22,0.712,0.724,0.708,0.71,511988500,366261636,False
2025-05-23,0.707,0.711,0.701,0.702,303015000,213830094,False
2025-05-26,0.702,0.71,0.7,0.708,161597000,114120788,False
2025-05-27,0.708,0.709,0.697,0.704,251261200,176222711,False
2025-05-28,0.701,0.706,0.698,0.699,141966300,99564565,False
2025-05-29,0.7,0.71,0.698,0.71,325833328,230205238,False
2025-05-30,0.707,0.717,0.703,0.714,262542523,186702088,False
2025-06-03,0.718,0.73,0.713,0.719,301837976,217637175,False
2025-06-04,0.716,0.721,0.715,0.717,158982518,114061389,False
2025-06-05,0.718,0.721,0.711,0.719,647205900,464719613,False
2025-06-06,0.72,0.73,0.717,0.717,507825368,367471823,False
2025-06-09,0.723,0.74,0.722,0.731,421499300,308827817,False
2025-06-10,0.728,0.728,0.71,0.716,367316300,263626542,False
2025-06-11,0.717,0.722,0.713,0.72,176733700,126946818,False
2025-06-12,0.717,0.721,0.714,0.716,184836926,132657822,False
2025-06-13,0.725,0.733,0.717,0.729,491739600,356312188,False
2025-06-16,0.732,0.732,0.72,0.727,248832700,180874066,False
2025-06-17,0.726,0.731,0.719,0.727,257965004,186994622,False
2025-06-18,0.727,0.74,0.725,0.731,458083367,335932949,False
2025-06-19,0.731,0.731,0.713,0.721,364025032,261914567,False
2025-06-20,0.718,0.72,0.709,0.711,333845113,238050971,False
2025-06-23,0.713,0.722,0.712,0.72,264126400,189665934,False
2025-06-24,0.714,0.727,0.709,0.724,319049000,229699995,False
2025-06-25,0.724,0.754,0.724,0.753,910092500,678597523,False
2025-06-26,0.755,0.767,0.75,0.751,538478700,408941507,False
2025-06-27,0.75,0.767,0.749,0.758,409438300,310656444,False
2025-06-30,0.762,0.796,0.762,0.795,629320300,494667571,False
2025-07-01,0.795,0.795,0.781,0.791,412651142,324858924,False
2025-07-02,0.786,0.786,0.77,0.773,437161847,339373173,False
2025-07-03,0.77,0.782,0.768,0.772,274885865,212202230,False
2025-07-04,0.771,0.779,0.763,0.768,584406311,450567214,False
2025-07-07,0.768,0.775,0.765,0.769,242679501,187129732,False
2025-07-08,0.77,0.777,0.768,0.775,505124639,391115462,False
2025-07-09,0.778,0.785,0.769,0.772,306857409,238867223,False
2025-07-10,0.77,0.771,0.76,0.769,582904582,446072851,False
2025-07-11,0.769,0.778,0.767,0.777,309370928,239340967,False
2025-07-14,0.778,0.779,0.771,0.772,310479200,240373000,False
2025-07-15,0.77,0.775,0.764,0.771,215513973,165609709,False
2025-07-16,0.769,0.773,0.765,0.768,279631449,214891467,False
2025-07-17,0.768,0.795,0.766,0.794,706894862,555254440,False
2025-07-18,0.792,0.806,0.791,0.804,532962362,426593566,False
2025-07-21,0.802,0.812,0.801,0.811,309366472,249711338,False
2025-07-22,0.81,0.823,0.805,0.812,407566263,332124318,False
2025-07-23,0.809,0.809,0.796,0.8,394823045,316635375,False
2025-07-24,0.799,0.816,0.799,0.816,339493394,275078947,False
2025-07-25,0.816,0.817,0.808,0.817,337225691,274009364,False
2025-07-28,0.818,0.831,0.814,0.829,446194335,368954538,False
2025-07-29,0.828,0.842,0.823,0.841,580479035,483193557,False
2025-07-30,0.842,0.848,0.819,0.829,675746073,562835164,False
2025-07-31,0.822,0.835,0.818,0.826,396106500,327236914,False
2025-08-01,0.824,0.825,0.807,0.81,387052850,314721230,False
2025-08-04,0.805,0.835,0.805,0.835,530681646,439027053,False
2025-08-05,0.836,0.847,0.831,0.835,451230090,377500757,False
2025-08-06,0.835,0.858,0.832,0.855,516621323,439182951,False
2025-08-07,0.853,0.854,0.84,0.846,400421323,338081522,False
2025-08-08,0.843,0.849,0.837,0.838,348154500,292958756,False
2025-08-11,0.838,0.851,0.838,0.846,381987551,322970242,False
2025-08-12,0.846,0.846,0.826,0.833,552609400,460094348,False
2025-08-13,0.833,0.846,0.832,0.845,602285162,506632556,False
2025-08-14,0.843,0.848,0.826,0.83,443938929,370378789,False
2025-08-15,0.827,0.842,0.826,0.841,520482278,435557767,False
2025-08-18,0.847,0.858,0.841,0.857,640677500,544704322,False
2025-08-19,0.855,0.857,0.838,0.843,409034336,344804471,False
2025-08-20,0.841,0.849,0.834,0.847,539447645,454224662,False
2025-08-21,0.844,0.851,0.839,0.844,494816600,418450757,False
2025-08-22,0.843,0.866,0.838,0.865,621980047,531249572,False
2025-08-25,0.866,0.881,0.863,0.881,771888966,674763537,False
2025-08-26,0.879,0.879,0.865,0.867,416447127,361891185,False
2025-08-27,0.866,0.872,0.847,0.849,689737144,596198811,False
2025-08-28,0.848,0.866,0.832,0.866,544908146,462588050,False
2025-08-29,0.866,0.874,0.858,0.874,528306600,457205454,False
2025-09-01,0.874,0.874,0.854,0.87,461865297,399556067,False
2025-09-02,0.87,0.87,0.837,0.85,443233596,376504099,False
2025-09-03,0.852,0.855,0.794,0.799,1088489190,890744002,False
2025-09-04,0.794,0.798,0.762,0.772,945362966,734351406,False
2025-09-05,0.771,0.786,0.768,0.783,444460382,346699021,False
2025-09-08,0.782,0.789,0.775,0.787,246372479,192771587,False
2025-09-09,0.787,0.788,0.773,0.777,214113316,167168667,False
2025-09-10,0.778,0.789,0.776,0.782,214345593,167812879,False
2025-09-11,0.782,0.802,0.779,0.801,691539600,550200844,False
2025-09-12,0.8,0.805,0.795,0.798,291020764,232706364,False
2025-09-15,0.798,0.799,0.789,0.789,226748600,179634780,False
2025-09-16,0.79,0.791,0.777,0.786,258992226,202679837,False
2025-09-17,0.785,0.794,0.782,0.794,241068089,190348126,False
2025-09-18,0.794,0.807,0.783,0.79,480210000,382676827,False
2025-09-19,0.788,0.812,0.788,0.804,605390231,488061000,False
2025-09-22,0.805,0.808,0.799,0.807,306894121,246771392,False
2025-09-23,0.81,0.816,0.791,0.803,274172015,219366834,False
2025-09-24,0.799,0.812,0.796,0.81,494716000,399806664,False
2025-09-25,0.807,0.81,0.8,0.805,325272800,262291396,False
2025-09-26,0.804,0.822,0.801,0.809,319437683,259634404,False
2025-09-29,0.811,0.817,0.8,0.814,374804100,303562772,False
2025-09-30,0.813,0.845,0.813,0.844,486499243,405615362,False
2025-10-09,0.843,0.854,0.832,0.853,403189547,341020220,False
2025-10-10,0.851,0.858,0.84,0.845,288999200,245186677,False
2025-10-13,0.83,0.851,0.826,0.85,395781972,333722765,False
2025-10-14,0.851,0.859,0.833,0.836,319481448,269547022,False
2025-10-15,0.833,0.836,0.82,0.834,258734889,214404059,False
2025-10-16,0.835,0.843,0.825,0.829,280557352,233700866,False
2025-10-17,0.827,0.832,0.796,0.798,405852738,328229450,False
2025-10-20,0.804,0.809,0.795,0.801,254735993,204419379,False
2025-10-21,0.8,0.809,0.799,0.808,258991801,208782094,False
2025-10-22,0.804,0.805,0.796,0.797,166836644,133370997,False
2025-10-23,0.796,0.798,0.783,0.796,167905801,132594141,False
2025-10-24,0.804,0.818,0.803,0.813,356799173,289801887,False
2025-10-27,0.818,0.827,0.816,0.824,827743752,681988722,False
2025-10-28,0.825,0.843,0.822,0.836,533670191,446338282,False
2025-10-29,0.837,0.845,0.833,0.841,947684247,794284521,False
2025-10-30,0.831,0.834,0.819,0.821,427341200,352567609,False
2025-10-31,0.817,0.822,0.808,0.81,395973900,322067498,False
2025-11-03,0.81,0.811,0.796,0.809,220370300,176949152,False
2025-11-04,0.807,0.809,0.793,0.798,261256000,208621535,False
2025-11-05,0.79,0.799,0.787,0.797,275976810,218734090,False
2025-11-06,0.796,0.812,0.796,0.809,250260857,202029182,False
2025-11-07,0.806,0.806,0.798,0.803,146451500,117427581,False
2025-11-10,0.803,0.809,0.795,0.804,155559900,124470142,False
2025-11-11,0.804,0.807,0.795,0.797,398865536,319010873,False
2025-11-12,0.795,0.796,0.78,0.789,243038590,190904470,False
2025-11-13,0.785,0.796,0.785,0.793,154409755,122374918,False
2025-11-14,0.79,0.797,0.788,0.789,175628900,139254975,False
2025-11-17,0.8,0.806,0.793,0.797,322547950,257969297,False
2025-11-18,0.793,0.794,0.781,0.785,187208100,147035855,False
2025-11-19,0.785,0.791,0.781,0.787,674067900,530243435,False
2025-11-20,0.785,0.786,0.777,0.779,244643600,191031252,False
2025-11-21,0.773,0.778,0.758,0.763,339769800,259946875,False
2025-11-24,0.764,0.791,0.764,0.791,362450000,283069488,False
2025-11-25,0.791,0.792,0.781,0.786,236827200,186230526,False
2025-11-26,0.786,0.786,0.77,0.772,243030700,188220509,False
2025-11-27,0.771,0.775,0.768,0.769,401768400,310026642,False
2025-11-28,0.77,0.778,0.768,0.777,125258590,96795629,False
2025-12-01,0.78,0.787,0.779,0.783,165470380,129481421,False
2025-12-02,0.781,0.784,0.776,0.778,225371222,175552326,False
2025-12-03,0.777,0.778,0.767,0.771,120240022,92833882,False
2025-12-04,0.771,0.781,0.768,0.775,194585900,151076813,False
2025-12-05,0.774,0.793,0.772,0.791,190616400,149672712,False
2025-12-08,0.795,0.81,0.795,0.799,268803101,216225890,False
2025-12-09,0.796,0.803,0.79,0.794,141777844,112736147,False
2025-12-10,0.794,0.804,0.791,0.803,138409600,110682499,False
2025-12-11,0.804,0.812,0.799,0.8,175676504,141564419,False
2025-12-12,0.801,0.811,0.796,0.81,194142969,156724548,False
2025-12-15,0.81,0.827,0.806,0.823,556549069,457471500,False
2025-12-16,0.82,0.821,0.801,0.816,268016311,217071659,False
2025-12-17,0.81,0.82,0.799,0.814,176161350,142490837,False
2025-12-18,0.809,0.835,0.807,0.824,229437551,189587008,False
2025-12-19,0.825,0.844,0.825,0.836,188764282,157691651,False
2025-12-22,0.843,0.846,0.835,0.837,172502223,144860635,False
2025-12-23,0.835,0.845,0.822,0.826,364443373,302117087,False
2025-12-24,0.822,0.854,0.821,0.849,394303874,333537169,False
2025-12-25,0.849,0.882,0.848,0.878,491994509,428990268,False
2025-12-26,0.878,0.888,0.867,0.881,207227300,182120903,False
2025-12-29,0.881,0.895,0.88,0.891,155714777,138192996,False
2025-12-30,0.89,0.902,0.881,0.885,305312000,271507607,False
2025-12-31,0.88,0.906,0.879,0.904,255388394,228426781,False
2026-01-05,0.918,0.928,0.903,0.923,177940343,163128289,False
2026-01-06,0.92,0.955,0.914,0.954,252529444,236630336,False
2026-01-07,0.95,0.958,0.933,0.948,505472719,478957674,False
2026-01-08,0.941,0.998,0.941,0.996,249010019,243721819,False
2026-01-09,1.013,1.053,1.009,1.033,443426954,455179909,False
2026-01-12,1.048,1.11,1.043,1.106,354933166,380993376,False
2026-01-13,1.089,1.089,1.013,1.023,725236568,747331060,False
2026-01-14,1.02,1.07,1.02,1.035,388370284,405708571,False
2026-01-15,1.017,1.026,0.994,1.003,182691898,183849952,False
2026-01-16,1.002,1.015,0.988,1.007,181744213,181907565,False
2026-01-19,0.997,1.037,0.99,1.028,311621381,317257878,False
2026-01-20,1.026,1.034,0.984,0.997,255226491,254896413,False
2026-01-21,0.988,1.011,0.987,0.999,200726894,201070508,False
2026-01-22,0.999,1.034,0.995,1.031,216333010,221737902,False
2026-01-23,1.038,1.072,1.027,1.064,346297207,366030611,False
2026-01-26,1.064,1.064,1.014,1.025,248562199,257019440,False
2026-01-27,1.013,1.047,1.008,1.043,161266002,165699407,False
2026-01-28,1.044,1.044,1.021,1.028,180472098,185918002,False
2026-01-29,1.025,1.03,1.003,1.003,194573276,197833005,False
2026-01-30,0.997,1.005,0.961,0.983,171496517,168092828,False
2026-02-02,0.98,0.999,0.96,0.962,133486202,130299761,False
2026-02-03,0.972,1.006,0.967,1.005,188237344,186442912,False
2026-02-04,1.001,1.023,0.992,1.006,160369840,161050677,False
2026-02-05,0.997,1.018,0.993,0.999,99929183,99979272,False
2026-02-06,0.992,0.998,0.975,0.978,151010900,148801161,False
2026-02-09,0.992,1.0,0.984,0.997,142556400,141788222,False
2026-02-10,1.0,1.005,0.981,0.997,126667600,126110033,False
2026-02-11,0.995,1.005,0.986,0.987,142693000,141502937,False
2026-02-12,0.986,1.004,0.983,1.0,126756994,126345229,False
2026-02-13,0.998,1.015,0.996,1.007,139020100,139822381,False
2026-02-24,1.012,1.028,1.005,1.018,115346300,117324983,False
2026-02-25,1.014,1.037,1.012,1.032,353977703,364443594,False
2026-02-26,1.032,1.061,1.023,1.054,171590308,179900474,False
2026-02-27,1.047,1.062,1.041,1.055,175442489,184394147,False
2026-03-02,1.081,1.089,1.053,1.081,272071095,291448948,False
2026-03-03,1.08,1.081,0.996,1.0,343561195,350713513,False
2026-03-04,0.978,1.02,0.973,1.012,186704988,188168436,False
2026-03-05,1.015,1.024,1.003,1.016,152655180,155004021,False
2026-03-06,1.005,1.043,1.005,1.024,142421527,146131894,False
2026-03-09,1.006,1.007,0.981,1.001,219920320,218705171,False
2026-03-10,1.001,1.031,0.997,1.018,139272559,141808058,False
2026-03-11,1.023,1.023,1.0,1.002,121822500,122692614,False
2026-03-12,1.001,1.002,0.975,0.984,136038300,134166614,False
2026-03-13,0.983,0.983,0.948,0.951,207898908,199455031,False
2026-03-16,0.952,0.954,0.935,0.953,122446900,115876860,False
2026-03-17,0.955,0.96,0.928,0.929,137831300,129540429,False
2026-03-18,0.927,0.944,0.922,0.942,120549600,112570932,False
2026-03-19,0.926,0.928,0.91,0.915,131417500,120562393,False
2026-03-20,0.914,0.921,0.89,0.892,103578900,93564111,False
2026-03-23,0.882,0.883,0.847,0.854,159199335,138014433,False
2026-03-24,0.863,0.876,0.853,0.875,121097000,104723035,False
2026-03-25,0.878,0.893,0.877,0.89,191293081,169956567,False
2026-03-26,0.891,0.892,0.87,0.874,167898174,147339439,False
2026-03-27,0.859,0.886,0.859,0.88,255575095,224964445,False
2026-03-30,0.869,0.895,0.867,0.894,118944132,105478484,False
2026-03-31,0.893,0.912,0.886,0.888,122572402,109934172,False
2026-04-01,0.9,0.903,0.884,0.891,70707200,62998355,False
2026-04-02,0.891,0.899,0.871,0.875,108967000,96043147,False
2026-04-03,0.874,0.88,0.86,0.864,82155100,71303473,False
2026-04-07,0.866,0.87,0.854,0.86,67632800,58323648,False
2026-04-08,0.875,0.907,0.875,0.905,273573400,245762976,False
2026-04-09,0.897,0.908,0.893,0.899,82679674,74454510,False
2026-04-10,0.905,0.922,0.905,0.911,205876374,187794735,False
2026-04-13,0.905,0.924,0.904,0.92,133401700,122526075,False
2026-04-14,0.923,0.939,0.919,0.935,168977800,157076617,False
2026-04-15,0.939,0.953,0.929,0.932,148050700,139056086,False
2026-04-16,0.932,0.937,0.924,0.936,105405900,98307962,False
2026-04-17,0.933,0.949,0.93,0.947,95569332,89818985,False
2026-04-20,0.945,0.967,0.945,0.965,153844300,147536594,False
2026-04-21,0.963,0.964,0.948,0.955,90805700,86659542,False
2026-04-22,0.948,0.962,0.944,0.961,76248000,72721820,False
2026-04-23,0.963,0.976,0.948,0.955,145763400,139982437,False
2026-04-24,0.949,0.951,0.929,0.93,123053569,115038524,False
2026-04-27,0.929,0.93,0.915,0.929,74617799,69038413,False
2026-04-28,0.929,0.93,0.9,0.903,122984860,111833999,False
2026-04-29,0.897,0.907,0.894,0.904,100298700,90280053,False
2026-04-30,0.901,0.917,0.9,0.915,101932700,92880320,False
2026-05-06,0.92,0.947,0.919,0.94,118728900,111550654,False
2026-05-07,0.942,0.953,0.937,0.953,150182700,141691809,False
2026-05-08,0.951,0.974,0.943,0.972,160010900,153647678,False
2026-05-11,0.976,0.989,0.975,0.98,204715565,200790277,False
2026-05-12,0.98,0.982,0.957,0.973,121294500,117452990,False
2026-05-13,0.965,0.984,0.959,0.983,121427900,118352048,False
2026-05-14,0.981,0.986,0.941,0.942,140420300,134478698,False
2026-05-15,0.941,0.948,0.911,0.916,132813900,122702514,False
2026-05-18,0.91,0.929,0.91,0.919,139568681,128585970,False
2026-05-19,0.918,0.922,0.899,0.922,85228200,77592935,False
2026-05-20,0.917,0.921,0.91,0.915,80325346,73489859,False
2026-05-21,0.917,0.934,0.894,0.897,118297900,108450574,False
2026-05-22,0.898,0.914,0.895,0.91,160323700,145766638,False
2026-05-25,0.917,0.928,0.909,0.927,200197200,184486137,False
2026-05-26,0.918,0.922,0.893,0.905,184441600,165814411,False
2026-05-27,0.903,0.912,0.881,0.887,84502600,75820983,False
2026-05-28,0.883,0.906,0.883,0.902,173839093,155735981,False
2026-05-29,0.902,0.904,0.853,0.859,384415900,333472161,False
2026-06-01,0.857,0.867,0.847,0.85,87244500,74688989,False
2026-06-02,0.847,0.854,0.829,0.848,97147800,81733317,False
2026-06-03,0.845,0.865,0.845,0.852,160720400,137586163,False
2026-06-04,0.844,0.858,0.844,0.856,83923500,71511727,False
2026-06-05,0.853,0.869,0.845,0.854,118128903,101302839,False
2026-06-08,0.839,0.848,0.809,0.819,130431700,107722375,False
2026-06-09,0.821,0.831,0.811,0.829,80363000,65965826,False
2026-06-10,0.823,0.836,0.808,0.817,87322100,71618999,False
2026-06-11,0.807,0.825,0.802,0.819,130261400,106133110,False
