date,portfolio,count
2018-01-05,511010,1
2018-01-12,511010,1
2018-01-19,511010,1
2018-01-26,511010,1
2018-02-02,511010,1
2018-02-09,511010,1
2018-02-23,511010,1
2018-03-02,511010,1
2018-03-09,511010,1
2018-03-16,511010,1
2018-03-23,511010,1
2018-03-30,511010,1
2018-04-13,511010,1
2018-04-20,511010,1
2018-04-27,511010,1
2018-05-04,511010,1
2018-05-11,511010,1
2018-05-18,511010,1
2018-05-25,511010,1
2018-06-01,511010,1
2018-06-08,511010,1
2018-06-15,511010,1
2018-06-22,511010,1
2018-06-29,511010,1
2018-07-06,"511010,518880",2
2018-07-13,511010,1
2018-07-20,511010,1
2018-07-27,"511010,518880",2
2018-08-03,511010,1
2018-08-10,511010,1
2018-08-17,511010,1
2018-08-24,511010,1
2018-08-31,511010,1
2018-09-07,511010,1
2018-09-14,"518880,511010",2
2018-09-21,"510050,518880,511010,510300",4
2018-09-28,"510050,510300,511010",3
2018-10-12,"518880,511010",2
2018-10-19,"518880,511010",2
2018-10-26,"518880,511010",2
2018-11-02,"518880,511010,510050,510300",4
2018-11-09,"518880,511010",2
2018-11-16,"510500,511010,518880,159915",4
2018-11-23,"511010,518880",2
2018-11-30,"511010,518880",2
2018-12-07,"511010,518880",2
2018-12-14,"518880,511010",2
2018-12-21,"518880,511010",2
2018-12-28,"518880,511010",2
2019-01-04,"518880,511010",2
2019-01-11,"518880,511010",2
2019-01-18,"510500,518880,511010",3
2019-01-25,"510050,511010,518880",3
2019-02-01,"510050,510300,518880,511010",4
2019-02-15,"510050,510300,518880,159915,511010",5
2019-02-22,"159915,510300,510500,510050,518880,511010",6
2019-03-01,"159915,510300,512660,510500,510050,511010",6
2019-03-08,"159915,510500,512660,510300,510050,511010",6
2019-03-15,"159915,510500,512660,510300,510050,511010",6
2019-03-22,"159915,510500,512660,512010,510300,511010",6
2019-03-29,"510500,159915,512660,512010,510300,511010",6
2019-04-12,"510500,512010,159915,510300,512660,511010",6
2019-04-19,"510300,510500,510050,512660,159915,511010",6
2019-04-26,"159915,510300,510050,510500,512010,511010",6
2019-05-10,511010,1
2019-05-17,"518880,511010",2
2019-05-24,"518880,511010",2
2019-05-31,"518880,511010",2
2019-06-14,"518880,511010",2
2019-06-21,"510050,518880,510300,511010",4
2019-06-28,"510050,518880,510300,511010",4
2019-07-05,"510050,512660,510300,159915,518880,511010",6
2019-07-12,"510050,510300,518880,511010",4
2019-07-19,"518880,159915,512660,511010,510300",5
2019-07-26,"512660,159915,510300,510050,518880,511010",6
2019-08-02,"518880,159915,512660,510050,510300,511010",6
2019-08-09,"518880,511010",2
2019-08-16,"518880,159915,510050,511010,512660",5
2019-08-23,"518880,159915,510050,511010,512660",5
2019-08-30,"518880,512660,159915,510300,510050,511010",6
2019-09-06,"512660,159915,510300,518880,510050,511010",6
2019-09-20,"512010,159915,510500,512660,518880,511010",6
2019-09-27,"159915,510050,512010,510300,518880,511010",6
2019-10-11,"510050,159915,510300,511010,518880",5
2019-10-18,"518880,511010,510050,159915,510300",5
2019-10-25,"518880,510050,510300,159915,510500,511010",6
2019-11-01,"510300,159915,510050,510500,511010",5
2019-11-08,"159915,510300,510050,510500,511010",5
2019-11-15,"159915,510050,511010",3
2019-11-22,"159915,511010",2
2019-11-29,511010,1
2019-12-06,"159915,511010,510300,510500",4
2019-12-13,"159915,510500,510300,511010,510050",5
2019-12-20,"512480,159915,510500,510300,510050,511010",6
2019-12-27,"512480,159915,510500,510300,518880,511010",6
2020-01-03,"512480,159915,510500,510300,510050,511010",6
2020-01-10,"159915,512480,510500,512660,512010,511010",6
2020-01-17,"512480,159915,512010,510500,518880,511010",6
2020-02-07,"512480,159915,512010,518880,512660,511010",6
2020-02-14,"512480,159915,512010,512660,510500,511010",6
2020-02-21,"512480,159915,512660,510500,518880,511010",6
2020-02-28,"512480,159915,512660,510500,518880,511010",6
2020-03-06,"159915,512660,512480,510500,518880,511010",6
2020-03-13,"512660,510500,159915,518880,511010",5
2020-03-20,"511010,512480",2
2020-03-27,"512010,511010,518880",3
2020-04-03,"518880,511010,512010",3
2020-04-10,"512010,518880,511010",3
2020-04-17,"512010,518880,159915,511010",4
2020-04-24,"518880,512010,511010",3
2020-05-08,"512480,512010,159915,512660,518880,511010",6
2020-05-15,"512480,159915,518880,512660,512010,511010",6
2020-05-22,"518880,512010,512480,159915,511010",5
2020-05-29,"518880,512480,159915,510500,510050,511010",6
2020-06-05,"512690,512480,159915,518880,510500,511010",6
2020-06-12,"512690,159915,518880,510500,510300,511010",6
2020-06-19,"512010,159915,512690,512480,510500,511010",6
2020-07-03,"512690,159915,512010,512480,510300,511010",6
2020-07-10,"512480,159915,512690,512660,512010,511010",6
2020-07-17,"512690,159915,512660,512480,512010,511010",6
2020-07-24,"512690,512660,512010,159915,510500,511010",6
2020-07-31,"512010,512660,512690,159915,512480,511010",6
2020-08-07,"512660,512010,518880,159915,510500,511010",6
2020-08-14,"512660,510500,512690,512010,510300,511010",6
2020-08-21,"512660,512690,510500,510300,512010,511010",6
2020-08-28,"512690,512660,510300,510500,510050,511010",6
2020-09-04,"512690,159915,510300,510050,512010,511010",6
2020-09-11,"512690,510300,510050,518880,511010",5
2020-09-18,"512690,515030,510300,510050,512660,511010",6
2020-09-25,"512690,511010",2
2020-10-09,"515030,512660,510050,512690,511010",5
2020-10-16,"515030,512660,512690,512010,159915,511010",6
2020-10-23,"512690,515030,510050,510300,511010",5
2020-10-30,"515030,512690,511010",3
2020-11-06,"512690,515030,510300,159915,510050,511010",6
2020-11-13,"512690,515030,510300,159915,512480,511010",6
2020-11-20,"512690,515030,510300,512480,159915,511010",6
2020-11-27,"512690,515030,512660,510050,510300,511010",6
2020-12-04,"512690,510300,512660,510050,515030,511010",6
2020-12-11,"512690,515030,512660,510050,510300,511010",6
2020-12-18,"515030,512690,512010,159915,510050,511010",6
2020-12-25,"515030,512690,512010,512660,159915,511010",6
2021-01-08,"515030,512690,512660,159915,512010,511010",6
2021-01-15,"515030,512660,159915,510300,512690,511010",6
2021-01-22,"515030,159915,512660,512010,512690,511010",6
2021-01-29,"159915,515030,512010,510050,512690,511010",6
2021-02-05,"512010,159915,512690,510050,515030,511010",6
2021-02-19,"512690,512010,159915,510050,515030,511010",6
2021-02-26,"510050,511010,512010",3
2021-03-05,511010,1
2021-03-12,511010,1
2021-03-19,511010,1
2021-03-26,511010,1
2021-04-02,511010,1
2021-04-09,"512100,511010",2
2021-04-16,"512100,511010",2
2021-04-23,"512690,159915,515030,512010,510500,511010",6
2021-04-30,"512690,512010,515030,159915,510500,511010",6
2021-05-07,"515030,510500,518880,159915,512690,511010",6
2021-05-14,"512010,512690,159915,510500,515030,511010",6
2021-05-21,"515030,512010,518880,159915,510500,511010",6
2021-05-28,"515030,159915,512010,512660,512100,511010",6
2021-06-04,"515030,159915,512010,512100,512660,511010",6
2021-06-11,"515030,159915,512100,512660,510500,511010",6
2021-06-18,"515030,159915,512100,512660,510500,511010",6
2021-06-25,"515030,159915,512100,512660,510500,511010",6
2021-07-02,"515030,159915,512480,512100,510500,511010",6
2021-07-09,"515030,159915,512100,512480,510500,511010",6
2021-07-16,"515030,159915,512100,512480,510500,511010",6
2021-07-23,"515030,512480,512100,512660,159915,511010",6
2021-07-30,"515030,512480,512660,512100,159915,511010",6
2021-08-06,"515030,512660,512100,512480,159915,511010",6
2021-08-13,"515030,512660,512100,512480,510500,511010",6
2021-08-20,"512660,512100,515030,511010,510500",5
2021-08-27,"512660,515030,512100,510500,511010",5
2021-09-03,"512100,510500,518880,515030,512660,511010",6
2021-09-10,"512100,510500,515030,518880,512660,511010",6
2021-09-17,"515030,510500,512100,511010",4
2021-09-24,"510500,512100,515030,511010,512660",5
2021-10-08,"510050,511010,512690,510300",4
2021-10-15,"515030,510050,512690,511010",4
2021-10-22,"515030,510050,512690,510300,511010",5
2021-10-29,"515030,159915,512660,512690,510050,511010",6
2021-11-05,"512660,515030,512480,511010,159915",5
2021-11-12,"512660,515030,512100,512480,518880,511010",6
2021-11-19,"512660,512100,159915,515030,512480,511010",6
2021-11-26,"512660,512100,159915,512690,512480,511010",6
2021-12-03,"512660,512480,512100,512690,515030,511010",6
2021-12-10,"512690,512100,510300,159915,512480,511010",6
2021-12-17,"512690,510500,510300,159915,512660,511010",6
2021-12-24,"512690,512660,510050,510300,510500,511010",6
2021-12-31,"512100,518880,512660,510500,510300,511010",6
2022-01-07,"510500,511010",2
2022-01-14,"518880,511010",2
2022-01-21,"518880,511010",2
2022-01-28,511010,1
2022-02-11,"518880,511010",2
2022-02-18,"518880,511010",2
2022-02-25,"518880,511010",2
2022-03-04,"518880,511010",2
2022-03-11,"518880,511010",2
2022-03-18,"518880,511010",2
2022-03-25,"518880,511010",2
2022-04-01,"518880,511010",2
2022-04-08,"511010,518880",2
2022-04-15,"518880,511010",2
2022-04-22,"518880,511010",2
2022-04-29,"518880,511010",2
2022-05-06,"518880,511010",2
2022-05-13,"518880,511010",2
2022-05-20,"515030,511010,512690",3
2022-05-27,"518880,511010",2
2022-06-10,"515030,510500,512100,512690,510300,511010",6
2022-06-17,"515030,512690,510500,510050,512100,511010",6
2022-06-24,"515030,159915,512690,510300,512100,511010",6
2022-07-01,"515030,512690,510050,510300,512010,511010",6
2022-07-08,"515030,512690,512010,159915,512660,511010",6
2022-07-15,"515030,512660,159915,512690,512100,511010",6
2022-07-22,"512660,512100,511010,510500,512010",5
2022-07-29,"512100,512660,515030,510500,159915,511010",6
2022-08-05,"512480,512100,512660,511010,515030",5
2022-08-12,"512660,512100,512480,510500,518880,511010",6
2022-08-19,"512100,159915,512480,510500,512660,511010",6
2022-08-26,"511010,510500,518880,512100",4
2022-09-02,511010,1
2022-09-09,"512100,511010,512660,518880",4
2022-09-16,"512100,511010",2
2022-09-23,"512100,511010,518880",3
2022-09-30,"512100,518880,511010",3
2022-10-14,"518880,511010,512010,512100",4
2022-10-21,"518880,512100,511010",3
2022-10-28,"518880,512660,511010,512100",4
2022-11-04,"512100,512660,512010,518880,511010",5
2022-11-11,"518880,512100,512010,511010",4
2022-11-18,"512100,518880,512010,512480,510500,511010",6
2022-11-25,"512100,518880,512010,510500,511010",5
2022-12-02,"518880,512100,512690,510500,510300,511010",6
2022-12-09,"512690,510300,510050,512010,518880,511010",6
2022-12-16,"512690,510300,518880,510050,512100,511010",6
2022-12-23,"512690,512010,518880,510300,510050,511010",6
2022-12-30,"512690,512010,518880,511010,510050",5
2023-01-06,"512690,512010,510050,518880,510300,511010",6
2023-01-13,"512690,512010,510050,510300,518880,511010",6
2023-01-20,"512010,510050,159915,512100,512480,511010",6
2023-02-03,"512100,512010,159915,512690,515030,511010",6
2023-02-10,"512100,512690,512480,512010,159915,511010",6
2023-02-17,"512100,512690,512010,518880,510500,511010",6
2023-02-24,"512100,512690,510300,510500,512660,511010",6
2023-03-03,"512690,512100,510500,512660,510050,511010",6
2023-03-10,"518880,511010,512660,512100,510500",5
2023-03-17,"518880,512480,512100,510500,512660,511010",6
2023-03-24,"512480,518880,510500,512100,511010",5
2023-03-31,"512480,518880,510500,512690,512100,511010",6
2023-04-07,"512480,518880,512100,510500,510300,511010",6
2023-04-14,"512480,518880,512100,510500,510300,511010",6
2023-04-21,"512480,518880,511010",3
2023-04-28,"518880,511010,512480",3
2023-05-05,"518880,511010",2
2023-05-12,"518880,511010",2
2023-05-19,"518880,511010",2
2023-05-26,"518880,511010",2
2023-06-02,"511010,518880",2
2023-06-09,"518880,511010",2
2023-06-16,"510300,518880,511010",3
2023-06-30,"512660,518880,511010",3
2023-07-07,"512660,511010,518880",3
2023-07-14,"512660,518880,510300,510050,511010",5
2023-07-21,"518880,511010,512690",3
2023-07-28,"510050,518880,512690,510300,511010",5
2023-08-04,"512690,510300,510050,510500,159915,511010",6
2023-08-11,"518880,512690,510050,511010,510300",5
2023-08-18,"511010,518880,512690",3
2023-08-25,"518880,511010,512690",3
2023-09-01,"518880,511010,512690,510050",4
2023-09-08,"518880,512690,511010",3
2023-09-15,"518880,511010",2
2023-09-22,"518880,510050,511010",3
2023-10-13,"512010,511010",2
2023-10-20,"518880,511010",2
2023-10-27,"518880,512010,511010",3
2023-11-03,"518880,512480,512010,511010",4
2023-11-10,"518880,512480,512010,511010,512100",5
2023-11-17,"512480,512100,512010,512660,511010",5
2023-11-24,"512100,512010,512480,511010",4
2023-12-01,"512100,512010,518880,511010,512480",5
2023-12-08,"518880,511010",2
2023-12-15,"518880,511010",2
2023-12-22,"518880,511010",2
2023-12-29,"518880,511010",2
2024-01-05,"518880,511010",2
2024-01-12,"518880,511010",2
2024-01-19,"518880,511010",2
2024-01-26,"511010,518880",2
2024-02-02,"518880,511010",2
2024-02-23,"510050,510300,518880,511010,512690",5
2024-03-01,"510050,510300,510500,512480,159915,511010",6
2024-03-08,"510500,512480,512660,510050,510300,511010",6
2024-03-15,"512690,518880,159915,510300,512480,511010",6
2024-03-22,"518880,159915,512480,512100,512660,511010",6
2024-03-29,"518880,512690,510050,511010,510300",5
2024-04-12,"518880,510050,511010,510500,510300",5
2024-04-19,"518880,510050,511010,510300,510500",5
2024-04-26,"518880,512660,510500,510050,510300,511010",6
2024-05-10,"512660,512690,510500,510050,159915,511010",6
2024-05-17,"512690,512660,512100,159915,510300,511010",6
2024-05-24,"510300,518880,510050,512690,511010",5
2024-05-31,"518880,510050,511010,512660,510300",5
2024-06-07,"518880,510050,511010,512660,512480",5
2024-06-14,"511010,512660,512480,518880",4
2024-06-21,"518880,511010,512480",3
2024-06-28,"511010,512480",2
2024-07-05,"511010,518880",2
2024-07-12,"518880,511010,512480",3
2024-07-19,"510050,512480,510300,518880,512660,511010",6
2024-07-26,"512660,512480,511010",3
2024-08-02,"512480,512660,518880,511010",4
2024-08-09,"511010,518880",2
2024-08-16,"518880,511010",2
2024-08-23,"518880,511010",2
2024-08-30,"518880,511010",2
2024-09-06,"518880,511010",2
2024-09-13,"518880,511010",2
2024-09-20,"518880,511010",2
2024-09-27,"159915,515030,512690,510300,510500,511010",6
2024-10-11,"159915,512480,510300,515030,512010,511010",6
2024-10-18,"512480,159915,512660,512100,510500,511010",6
2024-10-25,"512480,159915,515030,512660,512100,511010",6
2024-11-01,"512480,159915,512660,512100,515030,511010",6
2024-11-08,"512480,512660,512100,159915,515030,511010",6
2024-11-15,"515030,512100,512480,159915,512660,511010",6
2024-11-22,"515030,512480,512100,512660,159915,511010",6
2024-11-29,"512480,515030,159915,512100,512660,511010",6
2024-12-06,"512100,159915,515030,512480,518880,511010",6
2024-12-13,"512100,159915,510500,512480,518880,511010",6
2024-12-20,"512480,512100,159915,510500,510300,511010",6
2024-12-27,"512480,512660,510300,510500,512100,511010",6
2025-01-03,"518880,511010",2
2025-01-10,"518880,511010",2
2025-01-17,"512480,518880,511010",3
2025-01-24,"518880,512480,511010",3
2025-02-07,"512480,515030,518880,511010",4
2025-02-14,"515030,518880,512480,159915,512100,511010",6
2025-02-21,"512480,515030,159915,512100,518880,511010",6
2025-02-28,"512480,515030,512100,510500,518880,511010",6
2025-03-07,"512480,515030,512100,512660,512690,511010",6
2025-03-14,"515030,512480,512660,512690,512100,511010",6
2025-03-21,"512660,518880,512690,512100,510050,511010",6
2025-03-28,"518880,512690,512660,512100,515030,511010",6
2025-04-11,"518880,512690,511010",3
2025-04-18,"518880,512690,510050,511010",4
2025-04-25,"518880,510050,511010",3
2025-05-09,"518880,512660,510050,511010",4
2025-05-16,"510050,512010,510300,512660,518880,511010",6
2025-05-23,"512010,510050,510300,511010,518880",5
2025-05-30,"512010,512660,510050,510300,518880,511010",6
2025-06-06,"512010,510300,510050,518880,511010",5
2025-06-13,"518880,512010,512660,511010,510050",5
2025-06-20,"518880,511010,512660,510050,512010",5
2025-06-27,"512660,512100,159915,510050,510500,511010",6
2025-07-04,"512660,515030,512100,510500,510050,511010",6
2025-07-11,"159915,512660,512100,510500,515030,511010",6
2025-07-18,"159915,512660,512100,512010,515030,511010",6
2025-07-25,"159915,512010,512660,512100,510500,511010",6
2025-08-01,"512010,159915,512100,510500,512660,511010",6
2025-08-08,"512660,512010,512100,159915,510500,511010",6
2025-08-15,"159915,512660,512100,512480,510500,511010",6
2025-08-22,"159915,512480,512660,512100,510500,511010",6
2025-08-29,"159915,512480,512660,510500,515030,511010",6
2025-09-05,"159915,515030,512480,512010,510500,511010",6
2025-09-12,"159915,515030,512480,510500,510300,511010",6
2025-09-19,"159915,515030,512480,510500,512010,511010",6
2025-09-26,"512480,515030,159915,510500,518880,511010",6
2025-10-10,"512480,515030,159915,510500,512100,511010",6
2025-10-17,"512480,515030,518880,510500,159915,511010",6
2025-10-24,"512480,515030,518880,159915,510300,511010",6
2025-10-31,"515030,518880,510300,510050,159915,511010",6
2025-11-07,"515030,159915,518880,510050,510300,511010",6
2025-11-14,"515030,159915,510500,512100,510300,511010",6
2025-11-21,"515030,518880,511010",3
2025-11-28,"518880,515030,511010",3
2025-12-05,"518880,512660,510300,510050,159915,511010",6
2025-12-12,"159915,518880,512660,511010",4
2025-12-19,"159915,512660,518880,511010",4
2025-12-26,"518880,512660,159915,515030,510500,511010",6
