signal_date,risk_budget,breadth,selected
2022-06-24,0.25,0.5625,"515030,159875,159928,512690"
2022-07-01,0.25,1.0,"515030,159875,512400,512690"
2022-07-08,0.25,0.875,"515030,159875,512690,159928"
2022-07-15,0.25,0.5,"159875,515030,512660,512690"
2022-07-22,0.25,0.5625,"512660,159875,168204,512010"
2022-07-29,0.25,0.5,"159875,512660,515030,168204"
2022-08-05,0.25,0.75,"512480,512660,512760,159875"
2022-08-12,0.25,0.9375,"512660,168204,512480,512760"
2022-08-19,0.25,0.875,"168204,512760,515050,159875"
2022-08-26,0.25,0.6875,"168204,510880,512000,512890"
2022-09-02,0.0,0.3125,"512890,168204,510880,512660"
2022-09-09,0.0,0.4375,"168204,512890,510880,512660"
2022-09-16,0.0,0.25,"168204,512890,510880,512660"
2022-09-23,0.0,0.25,"512890,168204,512660,510880"
2022-09-30,0.0,0.125,"168204,510880"
2022-10-14,0.0,0.1875,"168204,512890,510880"
2022-10-21,0.0,0.0625,510880
2022-10-28,0.0,0.0625,512660
2022-11-04,0.0,0.0625,512660
2022-11-11,0.0,0.0,
2022-11-18,0.0,0.0625,512010
2022-11-25,0.0,0.125,"512890,510880"
2022-12-02,0.0,0.1875,"512890,510880,512000"
2022-12-09,0.0,0.3125,"512690,159928,512000,510880"
2022-12-16,0.0,0.3125,"512690,159928,510880,512890"
2022-12-23,0.0,0.125,"512690,159928"
2022-12-30,0.0,0.1875,"512690,512010,159928"
2023-01-06,0.0,0.25,"512690,512010,159928,512000"
2023-01-13,0.25,0.3125,"512690,159928,512010,512000"
2023-01-20,0.75,0.6875,"512010,512000,512400,515050"
2023-02-03,1.0,0.875,"512000,512400,515050,512690"
2023-02-10,1.0,0.8125,"515050,512690,512000,512760"
2023-02-17,0.25,0.6875,"515050,512690,512890,159928"
2023-02-24,0.25,0.8125,"512890,512690,515050,159928"
2023-03-03,1.0,0.875,"512690,512890,159928,515050"
2023-03-10,0.25,0.5,"515050,512690,512890,512660"
2023-03-17,0.25,0.625,"512890,512480,515050,512760"
2023-03-24,0.25,0.625,"515050,512480,512760,159801"
2023-03-31,0.25,0.5625,"512480,515050,512760,159995"
2023-04-07,0.75,0.6875,"512760,512480,159995,515050"
2023-04-14,0.75,0.625,"512760,512480,159995,159801"
2023-04-21,0.25,0.5,"512760,512480,159801,515050"
2023-04-28,0.25,0.5,"512890,510880,512000,512480"
2023-05-05,0.0,0.375,"512890,510880,512000,512480"
2023-05-12,0.0,0.1875,"512890,510880,512000"
2023-05-19,0.25,0.5625,"512890,510880,512000,515050"
2023-05-26,0.0,0.3125,"515050,512890,512760,510880"
2023-06-02,0.0,0.4375,"515050,512760,512480,159801"
2023-06-09,0.0,0.1875,"515050,512890,510880"
2023-06-16,0.0,0.375,"515050,512480,512760,159801"
2023-06-30,0.0,0.1875,"515050,512660,512890"
2023-07-07,0.0,0.125,"515050,512890"
2023-07-14,0.0,0.1875,"515050,512890,510880"
2023-07-21,0.0,0.1875,"512890,510880,515050"
2023-07-28,0.5,0.375,"512000,512890,512690,510880"
2023-08-04,0.5,0.4375,"512000,512690,159928,512890"
2023-08-11,0.0,0.1875,"512000,512890,510880"
2023-08-18,0.0,0.1875,"512000,512890,510880"
2023-08-25,0.0,0.125,"512000,510880"
2023-09-01,0.0,0.25,"168204,510880,512690,512000"
2023-09-08,0.0,0.1875,"168204,512690,512000"
2023-09-15,0.0,0.25,"168204,510880,512890,512000"
2023-09-22,0.0,0.25,"168204,510880,512890,512000"
2023-10-13,0.0,0.25,"510880,512010,512890,168204"
2023-10-20,0.0,0.0625,168204
2023-10-27,0.0,0.25,"512010,512000,512890,168204"
2023-11-03,0.0,0.1875,"512480,512010,168204"
2023-11-10,0.0,0.375,"512480,168204,512760,512000"
2023-11-17,0.0,0.375,"512480,512760,168204,512010"
2023-11-24,0.0,0.125,"168204,512010"
2023-12-01,0.0,0.1875,"168204,512010,512480"
2023-12-08,0.0,0.0625,168204
2023-12-15,0.0,0.0625,168204
2023-12-22,0.0,0.0625,168204
2023-12-29,0.0,0.0625,168204
2024-01-05,0.0,0.1875,"168204,512890,510880"
2024-01-12,0.0,0.1875,"168204,512890,510880"
2024-01-19,0.0,0.0625,168204
2024-01-26,0.0,0.125,"168204,512890"
2024-02-02,0.0,0.125,"168204,512890"
2024-02-23,0.0,0.1875,"168204,512890,510880"
2024-03-01,0.0,0.375,"168204,515050,510880,512890"
2024-03-08,0.0,0.3125,"515050,168204,512400,512890"
2024-03-15,0.25,0.5,"512400,515050,168204,512890"
2024-03-22,0.0,0.4375,"515050,512400,512890,159928"
2024-03-29,0.0,0.4375,"512400,512890,159928,515050"
2024-04-12,0.0,0.3125,"512400,512890,168204,510880"
2024-04-19,0.0,0.375,"512400,512890,168204,510880"
2024-04-26,0.25,0.5,"512400,515050,512890,510880"
2024-05-10,0.75,0.6875,"512660,512690,159928,515050"
2024-05-17,0.75,0.5625,"515050,512660,512690,159928"
2024-05-24,0.25,0.5,"515050,512400,512890,168204"
2024-05-31,0.25,0.5,"512890,512400,168204,510880"
2024-06-07,0.25,0.6875,"512890,510880,168204,512400"
2024-06-14,0.25,0.625,"515050,168204,512890,510880"
2024-06-21,0.25,0.5625,"515050,512760,510880,168204"
2024-06-28,0.0,0.4375,"515050,512890,159801,510880"
2024-07-05,0.0,0.1875,"515050,510880,512890"
2024-07-12,0.0,0.4375,"515050,159995,159801,512760"
2024-07-19,0.5,0.375,"159801,159995,512480,512760"
2024-07-26,0.0,0.375,"159995,159801,512760,512660"
2024-08-02,0.0,0.3125,"159995,159801,512660,512760"
2024-08-09,0.0,0.0,
2024-08-16,0.0,0.0,
2024-08-23,0.0,0.0,
2024-08-30,0.0,0.0,
2024-09-06,0.0,0.0,
2024-09-13,0.0,0.0,
2024-09-20,0.0,0.0,
2024-09-27,1.0,1.0,"512000,512010,512690,159928"
2024-10-11,1.0,1.0,"512000,159801,159995,512480"
2024-10-18,1.0,1.0,"512480,159801,159995,512000"
2024-10-25,1.0,1.0,"512480,159801,159995,512000"
2024-11-01,1.0,1.0,"159801,512480,159995,512760"
2024-11-08,1.0,1.0,"512480,159995,159801,512000"
2024-11-15,1.0,1.0,"159801,159995,515030,159875"
2024-11-22,1.0,1.0,"512000,159995,159801,515030"
2024-11-29,1.0,0.9375,"512480,159995,159801,515030"
2024-12-06,1.0,1.0,"512480,515030,159801,159995"
2024-12-13,1.0,1.0,"512000,512480,512660,159995"
2024-12-20,1.0,0.9375,"512480,159995,159801,515050"
2024-12-27,1.0,0.875,"512480,159801,159995,515050"
2025-01-03,0.75,0.5625,"159801,159995,512480,510880"
2025-01-10,0.5,0.4375,"159801,159995,512480,512760"
2025-01-17,0.75,0.625,"159995,159801,512480,512760"
2025-01-24,0.75,0.5625,"515050,512480,159801,512400"
2025-02-07,0.75,0.625,"512480,159995,515030,512760"
2025-02-14,0.75,0.625,"512480,515050,159801,515030"
2025-02-21,0.5,0.5,"512480,159995,512760,159801"
2025-02-28,0.5,0.375,"512480,159995,512760,515030"
2025-03-07,0.5,0.5,"512480,512760,159801,159995"
2025-03-14,0.75,0.6875,"512760,512480,515030,159801"
2025-03-21,0.75,0.625,"512400,512660,512690,512760"
2025-03-28,0.5,0.5,"512400,512690,515030,159928"
2025-04-11,0.25,0.3125,"159928,512480,512690,512760"
2025-04-18,0.25,0.3125,"159928,512890,512690,512760"
2025-04-25,0.25,0.1875,"512890,159928,512400"
2025-05-09,0.25,0.3125,"512660,512890,512400,159928"
2025-05-16,0.5,0.4375,"512890,512400,515030,510880"
2025-05-23,0.5,0.4375,"512890,512010,510880,512400"
2025-05-30,0.5,0.375,"512010,512890,512660,510880"
2025-06-06,0.5,0.375,"512890,512010,512400,510880"
2025-06-13,0.25,0.3125,"512400,512010,512890,512660"
2025-06-20,0.0,0.3125,"512890,512400,510880,512010"
2025-06-27,0.75,0.5625,"512400,515050,512660,512890"
2025-07-04,0.75,0.625,"515050,512400,512660,512890"
2025-07-11,0.75,0.625,"515050,512000,159875,512400"
2025-07-18,0.75,0.6875,"515050,512660,512000,159875"
2025-07-25,1.0,0.9375,"515050,512400,159875,512000"
2025-08-01,1.0,0.875,"515050,512400,512010,512000"
2025-08-08,1.0,0.8125,"515050,512400,512660,512010"
2025-08-15,1.0,0.875,"515050,512400,512660,512480"
2025-08-22,1.0,0.9375,"515050,512480,512400,159995"
2025-08-29,1.0,0.9375,"515050,159995,159801,512400"
2025-09-05,1.0,0.875,"515050,159875,515030,512400"
2025-09-12,1.0,0.875,"515050,159995,159801,512400"
2025-09-19,1.0,0.8125,"515050,159995,159801,159875"
2025-09-26,1.0,0.75,"159995,512760,515050,159801"
2025-10-10,1.0,0.75,"159995,159801,512760,515050"
2025-10-17,1.0,0.875,"512400,159801,512760,512480"
2025-10-24,1.0,0.8125,"512400,159995,159875,512760"
2025-10-31,1.0,0.875,"512400,159875,515030,515050"
2025-11-07,1.0,0.75,"159875,515050,515030,168204"
2025-11-14,1.0,0.8125,"159875,515030,512400,515050"
2025-11-21,0.75,0.6875,"159875,515030,512400,512890"
2025-11-28,0.75,0.6875,"512400,159875,515050,512890"
2025-12-05,0.75,0.625,"512400,515050,512660,515030"
2025-12-12,0.75,0.5625,"515050,512400,512480,512760"
2025-12-19,0.75,0.5625,"515050,512400,512660,159875"
2025-12-26,0.75,0.5625,"512400,515050,512660,515030"
2026-01-09,0.75,0.6875,"512400,512660,512480,512760"
2026-01-16,0.75,0.5625,"512400,512480,512660,512760"
2026-01-23,0.75,0.5625,"512400,512660,512480,512760"
2026-01-30,0.75,0.625,"512400,512480,159995,159801"
2026-02-06,0.75,0.625,"512400,159875,512480,159801"
2026-02-13,0.75,0.625,"512400,512660,168204,159875"
2026-02-27,0.75,0.6875,"512400,515050,159875,168204"
2026-03-06,0.75,0.6875,"512660,168204,515050,159875"
2026-03-13,0.75,0.625,"168204,159875,512400,515050"
2026-03-20,0.25,0.3125,"168204,515050,159875,510880"
2026-03-27,0.0,0.3125,"168204,159875,515030,510880"
2026-04-03,0.0,0.1875,"515050,512890,168204"
2026-04-10,0.5,0.375,"515050,515030,512480,159875"
2026-04-17,0.75,0.6875,"515050,515030,512400,159875"
2026-04-24,0.75,0.6875,"515050,512480,515030,159875"
2026-05-08,0.75,0.625,"515050,512480,159995,515030"
2026-05-15,0.5,0.4375,"159801,512480,159995,515030"
2026-05-22,0.25,0.3125,"159995,512480,159801,515030"
2026-05-29,0.5,0.375,"159995,512480,159801,168204"
2026-06-05,0.25,0.3125,"159995,512480,168204,159801"
