factor,horizon_days,market_state,weeks,mean_rank_ic,ic_t_stat,top_minus_bottom_return,top_minus_bottom_hit_rate
reversal_5,5,all,172,0.0033694575741056113,0.10148224757254809,-8.327707355549711e-05,0.5290697674418605
reversal_5,5,bear,40,0.01215146845766778,0.17913833179058336,-0.0005135464098544567,0.575
reversal_5,5,bear_high_vol,30,0.037854432787374104,0.46632754225366474,0.006959727465530681,0.6
reversal_5,5,bull,29,0.002685275117432384,0.03313130543573115,-0.0032043128423046535,0.4827586206896552
reversal_5,5,bull_high_vol,29,0.033265720081135916,0.3713270244425012,0.0003095568684396804,0.5172413793103449
reversal_5,5,range,27,-0.10956493672981317,-1.3171225437943543,-0.009579865955370873,0.37037037037037035
reversal_5,5,range_high_vol,17,0.0513840830449827,0.5520908665040575,0.008237098812577068,0.6470588235294118
reversal_5,20,all,172,0.007370537637802547,0.2197172645205611,0.000801475391804779,0.5058139534883721
reversal_5,20,bear,40,0.017411699507310176,0.23352464089728225,-0.0025836036835440177,0.45
reversal_5,20,bear_high_vol,30,0.1011764705882353,1.640862064355348,0.01907075064154295,0.6666666666666666
reversal_5,20,bull,29,-0.006440722190237554,-0.0701991706996263,0.002669151793928483,0.5517241379310345
reversal_5,20,bull_high_vol,29,-0.042089249492900604,-0.4910292698073964,-0.007827674459683782,0.4482758620689655
reversal_5,20,range,27,-0.07388502739052102,-0.9578010634915014,-0.011325684024192836,0.4074074074074074
reversal_5,20,range_high_vol,17,0.055190311418685134,0.48127483325161935,0.0073215306732943705,0.5294117647058824
momentum_20,5,all,172,0.010966483715907792,0.3125372202338137,0.0009843155617807223,0.5
momentum_20,5,bear,40,-0.013483469518786617,-0.21533905022574484,-0.0021948730407443037,0.475
momentum_20,5,bear_high_vol,30,0.007602311350788649,0.07664239662679823,-0.0014631778852215404,0.5
momentum_20,5,bull,29,-0.06247292794723371,-0.7206596394764092,0.0012009990716758449,0.4827586206896552
momentum_20,5,bull_high_vol,29,0.06196754563894524,0.6631888953831522,0.00489281277585853,0.5517241379310345
momentum_20,5,range,27,0.15045039727053006,1.955040635251712,0.012755757390529011,0.6296296296296297
momentum_20,5,range_high_vol,17,-0.1088235294117647,-1.0093240079101216,-0.012949026959416333,0.29411764705882354
momentum_20,20,all,172,-0.0075923392612859035,-0.2336752181534833,-0.0010215665725150814,0.5
momentum_20,20,bear,40,-0.013897058823529406,-0.226726905261593,-0.00665616416112679,0.55
momentum_20,20,bear_high_vol,30,-0.12264705882352941,-1.5044351253982036,-0.019213612139715976,0.4
momentum_20,20,bull,29,-0.07809330628803245,-0.8620871563684654,0.0006508885124815925,0.3793103448275862
momentum_20,20,bull_high_vol,29,0.14908722109533468,1.9367587732107914,0.019738008639922987,0.5517241379310345
momentum_20,20,range,27,0.07374727668845316,1.001619409057081,0.004817453888965469,0.5925925925925926
momentum_20,20,range_high_vol,17,-0.06591695501730103,-0.6697651785098705,-0.003200223073990796,0.5294117647058824
momentum_60,5,all,172,-0.020188229582209283,-0.6127434695944232,-0.001260086966117786,0.46511627906976744
momentum_60,5,bear,40,0.00985446172891876,0.18792493269279065,0.002785751058403404,0.5
momentum_60,5,bear_high_vol,30,-0.07258145806007084,-0.8573803851525101,-0.00909171293664961,0.4
momentum_60,5,bull,29,-0.02733284384028877,-0.3435845597110922,-0.004628417185736702,0.4827586206896552
momentum_60,5,bull_high_vol,29,-0.05476673427991887,-0.5674595214869219,0.0024815461118733633,0.4827586206896552
momentum_60,5,range,27,0.07605712058791682,0.9367424818174073,0.004508193241751196,0.5555555555555556
momentum_60,5,range_high_vol,17,-0.08010380622837371,-0.6955913804413486,-0.006757386399656031,0.29411764705882354
momentum_60,20,all,172,-0.003642270861833113,-0.12257753847569924,0.0017959753840616044,0.48255813953488375
momentum_60,20,bear,40,-0.05125,-0.9736563816026849,0.0018990442045906234,0.475
momentum_60,20,bear_high_vol,30,-0.03676470588235294,-0.4976354996606989,-0.0017752248393717474,0.43333333333333335
momentum_60,20,bull,29,-0.04016227180527382,-0.5675327245594051,-0.013311032967688378,0.3793103448275862
momentum_60,20,bull_high_vol,29,0.03427991886409736,0.39511420031750677,0.009504746319150065,0.4827586206896552
momentum_60,20,range,27,0.09869281045751632,1.430842108496286,0.009337488543543139,0.5555555555555556
momentum_60,20,range_high_vol,17,0.0019031141868511977,0.01845568743159683,0.008498403834592327,0.6470588235294118
momentum_120,5,all,172,0.0040275053798753645,0.11659616223632721,0.0010200540893122666,0.5174418604651163
momentum_120,5,bear,40,0.04589864457454977,0.8203426051300532,0.0010952352651583113,0.55
momentum_120,5,bear_high_vol,30,-0.0715802126124903,-0.884683259305044,-0.005539226248633221,0.43333333333333335
momentum_120,5,bull,29,-0.03657242992018261,-0.3507754511796387,-0.003817004535475192,0.4827586206896552
momentum_120,5,bull_high_vol,29,0.06369168356997972,0.6922213781536622,0.014294640722315321,0.5862068965517241
momentum_120,5,range,27,0.017541315475123696,0.2358800715956753,0.002908217718974145,0.5925925925925926
momentum_120,5,range_high_vol,17,-0.015051903114186853,-0.11666720909526475,-0.0049739204480171535,0.4117647058823529
momentum_120,20,all,172,-0.005694254445964438,-0.17111858202352462,0.002094263506627996,0.4941860465116279
momentum_120,20,bear,40,-0.019779411764705886,-0.30633491739849417,-0.0020078995869731177,0.45
momentum_120,20,bear_high_vol,30,-0.10323529411764705,-1.0812448799654153,-0.00784854659399284,0.43333333333333335
momentum_120,20,bull,29,-0.026064908722109533,-0.27730417259406703,-0.008418851174021087,0.5172413793103449
momentum_120,20,bull_high_vol,29,0.1262677484787018,1.8427234950429343,0.02933556966809736,0.6206896551724138
momentum_120,20,range,27,-0.03562091503267975,-0.6488829206029639,-0.005583203073655181,0.4074074074074074
momentum_120,20,range_high_vol,17,0.05674740484429065,0.4604475402240648,0.01294984418230606,0.5882352941176471
low_volatility_20,5,all,172,-0.0017559040021721713,-0.04806797079503965,-0.002928680416415504,0.47674418604651164
low_volatility_20,5,bear,40,-0.03429826648690851,-0.4508359237779799,-0.002272421165585252,0.475
low_volatility_20,5,bear_high_vol,30,0.010253569581774187,0.12563926156643995,-0.000715225726261821,0.5333333333333333
low_volatility_20,5,bull,29,0.041985142006129614,0.44871537836740816,-0.0008184908062279286,0.4482758620689655
low_volatility_20,5,bull_high_vol,29,0.06379310344827586,0.6081111695704567,0.0004949557914711195,0.5172413793103449
low_volatility_20,5,range,27,-0.016534722411721957,-0.2015156946871083,-0.006333956352363764,0.4444444444444444
low_volatility_20,5,range_high_vol,17,-0.10934256055363323,-1.004350862006275,-0.01241059272179017,0.4117647058823529
low_volatility_20,20,all,172,-0.015389876880984948,-0.4413725869673428,-0.009822519669209452,0.45348837209302323
low_volatility_20,20,bear,40,-0.04110294117647059,-0.5813552704228147,-0.01285955776481364,0.45
low_volatility_20,20,bear_high_vol,30,0.0642156862745098,0.7688116827580854,-0.008931903345700699,0.5333333333333333
low_volatility_20,20,bull,29,0.024847870182555805,0.24235940704657571,-0.00652326620885996,0.4827586206896552
low_volatility_20,20,bull_high_vol,29,0.010243407707910745,0.12206201726995716,0.000706749660741045,0.5517241379310345
low_volatility_20,20,range,27,-0.10806100217864924,-1.412535240227888,-0.012713058277059715,0.25925925925925924
low_volatility_20,20,range_high_vol,17,-0.060553633217993084,-0.5785258316417409,-0.023247201103788143,0.4117647058823529
drawdown_20,5,all,172,0.03241275319644989,0.9875766614529468,0.0018401570553544702,0.5406976744186046
drawdown_20,5,bear,40,-0.010019734374695962,-0.15115639296253192,-0.0007111186962800887,0.5
drawdown_20,5,bear_high_vol,30,-0.012304316162311365,-0.1573453435466918,0.000288694535662463,0.5
drawdown_20,5,bull,29,0.05659940162994253,0.7469369853217996,0.0068512447303324675,0.6206896551724138
drawdown_20,5,bull_high_vol,29,0.07718200235745061,0.8730912789975309,7.397614663374684e-05,0.5862068965517241
drawdown_20,5,range,27,0.18766678162659864,2.425440991162093,0.013635099877481842,0.6666666666666666
drawdown_20,5,range_high_vol,17,-0.15304420058270604,-1.4940669455887625,-0.013687539813043026,0.29411764705882354
drawdown_20,20,all,172,0.03134696254579469,0.9749173444974539,0.0028747955733575397,0.5465116279069767
drawdown_20,20,bear,40,0.029984788262267387,0.45238166480886954,0.0014034360846315297,0.55
drawdown_20,20,bear_high_vol,30,-0.014815492872521529,-0.1952741298587343,-0.002217500627260602,0.5666666666666667
drawdown_20,20,bull,29,0.032745587030439664,0.38488846623520145,0.016307747287225907,0.5517241379310345
drawdown_20,20,bull_high_vol,29,0.10409681305310815,1.4709232602891038,-0.001341435234321545,0.5517241379310345
drawdown_20,20,range,27,0.10037832255742972,1.313285120880928,0.005861849357309625,0.5555555555555556
drawdown_20,20,range_high_vol,17,-0.12011138223010903,-1.0209930034906185,-0.005143562831266626,0.47058823529411764
