date,total_value,mode
2018-01-02,1000000.0,BEAR
2018-01-03,1000000.0,BEAR
2018-01-04,1000000.0,BEAR
2018-01-05,1000000.0,BEAR
2018-01-08,1000000.0,BEAR
2018-01-09,1000000.0,BEAR
2018-01-10,1000000.0,BEAR
2018-01-11,1000000.0,BEAR
2018-01-12,1000000.0,BEAR
2018-01-15,1000000.0,BEAR
2018-01-16,1000000.0,BEAR
2018-01-17,1000000.0,BEAR
2018-01-18,1000000.0,BEAR
2018-01-19,1000000.0,BEAR
2018-01-22,1000000.0,BEAR
2018-01-23,1000000.0,BEAR
2018-01-24,1000000.0,BEAR
2018-01-25,1000000.0,BEAR
2018-01-26,1000000.0,BEAR
2018-01-29,1000000.0,BULL
2018-01-30,1000000.0,BULL
2018-01-31,1000000.0,BULL
2018-02-01,1000000.0,BULL
2018-02-02,1000000.0,BULL
2018-02-05,1000000.0,BULL
2018-02-06,1000000.0,BULL
2018-02-07,1000000.0,BULL
2018-02-08,1000000.0,BULL
2018-02-09,1000000.0,BULL
2018-02-12,1000000.0,BULL
2018-02-13,1000000.0,BULL
2018-02-14,1000000.0,BULL
2018-02-22,1000000.0,BULL
2018-02-23,1000000.0,BULL
2018-02-26,1000000.0,BULL
2018-02-27,1000000.0,BULL
2018-02-28,1000000.0,BULL
2018-03-01,1000000.0,BULL
2018-03-02,1000000.0,BULL
2018-03-05,1000000.0,BULL
2018-03-06,1000000.0,BULL
2018-03-07,1000000.0,BULL
2018-03-08,1000000.0,BULL
2018-03-09,1000000.0,BULL
2018-03-12,1000000.0,BULL
2018-03-13,1000000.0,BULL
2018-03-14,1000000.0,BULL
2018-03-15,1000000.0,BULL
2018-03-16,1000000.0,BULL
2018-03-19,1000000.0,BULL
2018-03-20,1000000.0,BULL
2018-03-21,1000000.0,BULL
2018-03-22,1000000.0,BULL
2018-03-23,1000000.0,BULL
2018-03-26,1000000.0,BULL
2018-03-27,1000000.0,BULL
2018-03-28,1000000.0,BULL
2018-03-29,1000000.0,BULL
2018-03-30,1000000.0,BULL
2018-04-02,1000000.0,BULL
2018-04-03,1000000.0,BULL
2018-04-04,1000000.0,BULL
2018-04-09,1000000.0,BULL
2018-04-10,1000000.0,BULL
2018-04-11,1000000.0,BULL
2018-04-12,1000000.0,BULL
2018-04-13,1000000.0,BULL
2018-04-16,1000000.0,BULL
2018-04-17,1000000.0,BULL
2018-04-18,1000000.0,BULL
2018-04-19,1000000.0,BULL
2018-04-20,1000000.0,BULL
2018-04-23,1000000.0,BEAR
2018-04-24,1000000.0,BEAR
2018-04-25,1000000.0,BEAR
2018-04-26,1000000.0,BEAR
2018-04-27,1000000.0,BEAR
2018-05-02,1000000.0,BEAR
2018-05-03,1000000.0,BEAR
2018-05-04,1000000.0,BEAR
2018-05-07,1000000.0,BEAR
2018-05-08,1000000.0,BEAR
2018-05-09,1000000.0,BEAR
2018-05-10,1000000.0,BEAR
2018-05-11,1000000.0,BEAR
2018-05-14,1000000.0,BEAR
2018-05-15,1000000.0,BEAR
2018-05-16,1000000.0,BEAR
2018-05-17,1000000.0,BEAR
2018-05-18,1000000.0,BEAR
2018-05-21,1000000.0,BEAR
2018-05-22,1000000.0,BEAR
2018-05-23,1000000.0,BEAR
2018-05-24,1000000.0,BEAR
2018-05-25,1000000.0,BEAR
2018-05-28,1000000.0,BEAR
2018-05-29,1000000.0,BEAR
2018-05-30,1000000.0,BEAR
2018-05-31,1000000.0,BEAR
2018-06-01,1000000.0,BEAR
2018-06-04,1000000.0,BEAR
2018-06-05,1000000.0,BEAR
2018-06-06,1000000.0,BEAR
2018-06-07,1000000.0,BEAR
2018-06-08,1000000.0,BEAR
2018-06-11,1000000.0,BEAR
2018-06-12,1000000.0,BEAR
2018-06-13,1000000.0,BEAR
2018-06-14,1000000.0,BEAR
2018-06-15,1000000.0,BEAR
2018-06-19,1000000.0,BEAR
2018-06-20,1000000.0,BEAR
2018-06-21,1000000.0,BEAR
2018-06-22,1000000.0,BEAR
2018-06-25,1000000.0,BEAR
2018-06-26,1000000.0,BEAR
2018-06-27,1000000.0,BEAR
2018-06-28,1000000.0,BEAR
2018-06-29,1000000.0,BEAR
2018-07-02,1000000.0,BEAR
2018-07-03,1000000.0,BEAR
2018-07-04,1000000.0,BEAR
2018-07-05,1000000.0,BEAR
2018-07-06,1000000.0,BEAR
2018-07-09,1000000.0,BEAR
2018-07-10,1000000.0,BEAR
2018-07-11,1000000.0,BEAR
2018-07-12,1000000.0,BEAR
2018-07-13,1000000.0,BEAR
2018-07-16,1000000.0,BEAR
2018-07-17,1000000.0,BEAR
2018-07-18,1000000.0,BEAR
2018-07-19,1000000.0,BEAR
2018-07-20,1000000.0,BEAR
2018-07-23,1000000.0,BEAR
2018-07-24,1000000.0,BEAR
2018-07-25,1000000.0,BEAR
2018-07-26,1000000.0,BEAR
2018-07-27,1000000.0,BEAR
2018-07-30,1000000.0,BEAR
2018-07-31,1000000.0,BEAR
2018-08-01,1000000.0,BEAR
2018-08-02,1000000.0,BEAR
2018-08-03,1000000.0,BEAR
2018-08-06,1000000.0,BEAR
2018-08-07,1000000.0,BEAR
2018-08-08,1000000.0,BEAR
2018-08-09,1000000.0,BEAR
2018-08-10,1000000.0,BEAR
2018-08-13,1000000.0,BEAR
2018-08-14,1000000.0,BEAR
2018-08-15,1000000.0,BEAR
2018-08-16,1000000.0,BEAR
2018-08-17,1000000.0,BEAR
2018-08-20,1000000.0,BEAR
2018-08-21,1000000.0,BEAR
2018-08-22,1000000.0,BEAR
2018-08-23,1000000.0,BEAR
2018-08-24,1000000.0,BEAR
2018-08-27,1000000.0,BEAR
2018-08-28,1000000.0,BEAR
2018-08-29,1000000.0,BEAR
2018-08-30,1000000.0,BEAR
2018-08-31,1000000.0,BEAR
2018-09-03,1000000.0,BEAR
2018-09-04,1000000.0,BEAR
2018-09-05,1000000.0,BEAR
2018-09-06,1000000.0,BEAR
2018-09-07,1000000.0,BEAR
2018-09-10,1000000.0,BEAR
2018-09-11,1000000.0,BEAR
2018-09-12,1000000.0,BEAR
2018-09-13,1000000.0,BEAR
2018-09-14,1000000.0,BEAR
2018-09-17,1000000.0,BEAR
2018-09-18,1000000.0,BEAR
2018-09-19,1000000.0,BEAR
2018-09-20,1000000.0,BEAR
2018-09-21,1000000.0,BEAR
2018-09-25,1000000.0,BEAR
2018-09-26,1000000.0,BEAR
2018-09-27,1000000.0,BEAR
2018-09-28,1000000.0,BEAR
2018-10-08,1000000.0,BEAR
2018-10-09,1000000.0,BEAR
2018-10-10,1000000.0,BEAR
2018-10-11,1000000.0,BEAR
2018-10-12,1000000.0,BEAR
2018-10-15,1000000.0,BEAR
2018-10-16,1000000.0,BEAR
2018-10-17,1000000.0,BEAR
2018-10-18,1000000.0,BEAR
2018-10-19,1000000.0,BEAR
2018-10-22,1000000.0,BEAR
2018-10-23,1000000.0,BEAR
2018-10-24,1000000.0,BEAR
2018-10-25,1000000.0,BEAR
2018-10-26,1000000.0,BEAR
2018-10-29,1000000.0,BEAR
2018-10-30,1000000.0,BEAR
2018-10-31,1000000.0,BEAR
2018-11-01,1000000.0,BEAR
2018-11-02,1000000.0,BEAR
2018-11-05,1000000.0,BEAR
2018-11-06,1000000.0,BEAR
2018-11-07,1000000.0,BEAR
2018-11-08,1000000.0,BEAR
2018-11-09,1000000.0,BEAR
2018-11-12,1000000.0,BEAR
2018-11-13,1000000.0,BEAR
2018-11-14,1000000.0,BEAR
2018-11-15,1000000.0,BEAR
2018-11-16,1000000.0,BEAR
2018-11-19,1000000.0,BEAR
2018-11-20,1000000.0,BEAR
2018-11-21,1000000.0,BEAR
2018-11-22,1000000.0,BEAR
2018-11-23,1000000.0,BEAR
2018-11-26,1000000.0,BEAR
2018-11-27,1000000.0,BEAR
2018-11-28,1000000.0,BEAR
2018-11-29,1000000.0,BEAR
2018-11-30,1000000.0,BEAR
2018-12-03,1000000.0,BEAR
2018-12-04,1000000.0,BEAR
2018-12-05,1000000.0,BEAR
2018-12-06,1000000.0,BEAR
2018-12-07,1000000.0,BEAR
2018-12-10,1000000.0,BEAR
2018-12-11,1000000.0,BEAR
2018-12-12,1000000.0,BEAR
2018-12-13,1000000.0,BEAR
2018-12-14,1000000.0,BEAR
2018-12-17,1000000.0,BEAR
2018-12-18,1000000.0,BEAR
2018-12-19,1000000.0,BEAR
2018-12-20,1000000.0,BEAR
2018-12-21,1000000.0,BEAR
2018-12-24,1000000.0,BEAR
2018-12-25,1000000.0,BEAR
2018-12-26,1000000.0,BEAR
2018-12-27,1000000.0,BEAR
2018-12-28,1000000.0,BEAR
2019-01-02,1000000.0,BEAR
2019-01-03,1000000.0,BEAR
2019-01-04,1000000.0,BEAR
2019-01-07,1000000.0,BEAR
2019-01-08,1000000.0,BEAR
2019-01-09,1000000.0,BEAR
2019-01-10,1000000.0,BEAR
2019-01-11,1000000.0,BEAR
2019-01-14,1000000.0,BEAR
2019-01-15,1000000.0,BEAR
2019-01-16,1000000.0,BEAR
2019-01-17,1000000.0,BEAR
2019-01-18,1000000.0,BEAR
2019-01-21,1000000.0,BEAR
2019-01-22,1000000.0,BEAR
2019-01-23,1000000.0,BEAR
2019-01-24,1000000.0,BEAR
2019-01-25,1000000.0,BEAR
2019-01-28,1000000.0,BEAR
2019-01-29,1000000.0,BEAR
2019-01-30,1000000.0,BEAR
2019-01-31,1000000.0,BEAR
2019-02-01,999006.9450000001,BEAR
2019-02-11,999958.945,BEAR
2019-02-12,1000528.4450000001,BEAR
2019-02-13,1000723.9450000001,BEAR
2019-02-14,999975.9450000001,BEAR
2019-02-15,1001029.9450000001,BEAR
2019-02-18,999933.445,BEAR
2019-02-19,999457.4450000001,BEAR
2019-02-20,999797.4450000001,BEAR
2019-02-21,999440.4450000001,BEAR
2019-02-22,998802.9450000001,BEAR
2019-02-25,996711.9450000001,BEAR
2019-02-26,994127.9450000001,BEAR
2019-02-27,997043.4450000001,BEAR
2019-02-28,995725.9450000001,BEAR
2019-03-01,995538.9450000001,BEAR
2019-03-04,995037.4450000001,BEAR
2019-03-05,994603.9450000001,BEAR
2019-03-06,993974.9450000001,BEAR
2019-03-07,994986.4450000001,BEAR
2019-03-08,996099.9450000001,BEAR
2019-03-11,995292.4450000001,BEAR
2019-03-12,995606.9450000001,BEAR
2019-03-13,995717.4450000001,BEAR
2019-03-14,995071.4450000001,BEAR
2019-03-15,995062.9450000001,BULL
2019-03-18,994952.4450000001,BULL
2019-03-19,995037.4450000001,BULL
2019-03-20,995300.9450000001,BULL
2019-03-21,995343.4450000001,BULL
2019-03-22,996065.9450000001,BULL
2019-03-25,997842.4450000001,BULL
2019-03-26,999227.9450000001,BULL
2019-03-27,998479.9450000001,BULL
2019-03-28,999397.9450000001,BULL
2019-03-29,999278.9450000001,BULL
2019-04-01,996383.1208000003,BULL
2019-04-02,993615.9208000002,BULL
2019-04-03,1014313.1208000003,BULL
2019-04-04,1023779.9208000002,BULL
2019-04-08,1016862.5208000002,BULL
2019-04-09,1016464.1208000001,BULL
2019-04-10,1011710.4208000002,BULL
2019-04-11,992633.5208000002,BULL
2019-04-12,993165.4208000002,BULL
2019-04-15,983471.4208000002,BULL
2019-04-16,1005028.8208000003,BULL
2019-04-17,1005255.9208000003,BULL
2019-04-18,1001372.8208000002,BULL
2019-04-19,1010870.3208000001,BULL
2019-04-22,994149.6208000004,BULL
2019-04-23,993723.4208000002,BULL
2019-04-24,998553.1208000001,BULL
2019-04-25,976580.6208000004,BULL
2019-04-26,972650.4208000002,BULL
2019-04-29,958924.1208000003,BULL
2019-04-30,962832.8208000001,BULL
2019-05-06,902677.4035000001,BULL
2019-05-07,915194.6035000002,BULL
2019-05-08,901938.7035000003,BULL
2019-05-09,884182.5035000003,BULL
2019-05-10,919503.0035000002,BULL
2019-05-13,907945.4035000002,BULL
2019-05-14,901131.1035000003,BULL
2019-05-15,929127.8035000003,BULL
2019-05-16,939416.9035000002,BULL
2019-05-17,914724.5035000002,BULL
2019-05-20,905031.9035000002,BULL
2019-05-21,912708.9035000001,BULL
2019-05-22,902309.4035000002,BULL
2019-05-23,888058.9035000002,BULL
2019-05-24,890283.9035000002,BULL
2019-05-27,905647.6035000002,BULL
2019-05-28,909516.1035000003,BULL
2019-05-29,911713.1035000003,BULL
2019-05-30,907921.8035000003,BULL
2019-05-31,902980.2035000003,BULL
2019-06-03,904404.5333000002,BULL
2019-06-04,894801.4333000003,BULL
2019-06-05,893138.0333000004,BULL
2019-06-06,884452.9333000004,BULL
2019-06-10,897271.3333000003,BULL
2019-06-11,930138.5333000002,BULL
2019-06-12,922649.2333000003,BULL
2019-06-13,920970.6333000003,BULL
2019-06-14,914205.5333000002,BULL
2019-06-17,909711.9333000003,BULL
2019-06-18,913596.9333000004,BULL
2019-06-19,922828.8333000003,BULL
2019-06-20,946984.9333000004,BULL
2019-06-21,947467.4333000003,BULL
2019-06-24,949363.6333000003,BULL
2019-06-25,941974.0333000002,BULL
2019-06-26,939862.5333000002,BULL
2019-06-27,951535.0333000002,BULL
2019-06-28,951909.7333000003,BULL
2019-07-01,980357.9641000003,BULL
2019-07-02,981723.1641000004,BULL
2019-07-03,969889.4641000003,BULL
2019-07-04,956298.3641000004,BULL
2019-07-05,970532.1641000003,BULL
2019-07-08,955232.0641000003,BULL
2019-07-09,954648.6641000004,BULL
2019-07-10,954633.2641000004,BULL
2019-07-11,953701.7641000003,BULL
2019-07-12,962283.3641000005,BULL
2019-07-15,965302.9641000003,BULL
2019-07-16,957121.1641000004,BULL
2019-07-17,956260.6641000003,BULL
2019-07-18,945298.6641000003,BULL
2019-07-19,953734.5641000003,BULL
2019-07-22,948465.0641000003,BULL
2019-07-23,944991.7641000005,BULL
2019-07-24,949556.2641000003,BULL
2019-07-25,958803.0641000003,BULL
2019-07-26,958128.6641000003,BULL
2019-07-29,963333.4641000003,BULL
2019-07-30,963867.1641000003,BULL
2019-07-31,954099.5641000003,BULL
2019-08-01,947331.1690000003,BULL
2019-08-02,938654.0690000004,BULL
2019-08-05,926076.1690000003,BULL
2019-08-06,917214.0690000004,BULL
2019-08-07,912215.2690000003,BULL
2019-08-08,923391.3690000004,BULL
2019-08-09,913406.4690000003,BULL
2019-08-12,929199.7690000003,BULL
2019-08-13,924013.2690000003,BULL
2019-08-14,931134.0690000004,BULL
2019-08-15,931942.7690000004,BULL
2019-08-16,940627.7690000003,BULL
2019-08-19,956200.8690000003,BULL
2019-08-20,954175.1690000005,BULL
2019-08-21,950176.6690000002,BULL
2019-08-22,959356.0690000004,BULL
2019-08-23,965211.3690000003,BULL
2019-08-26,952084.4690000003,BULL
2019-08-27,970058.9690000003,BULL
2019-08-28,974727.5690000003,BULL
2019-08-29,974494.8690000004,BULL
2019-08-30,982133.3690000004,BULL
2019-09-02,990477.7690000003,BULL
2019-09-03,989456.5690000004,BULL
2019-09-04,989763.8690000003,BULL
2019-09-05,997242.9690000003,BULL
2019-09-06,998401.1690000003,BULL
2019-09-09,997921.0690000003,BULL
2019-09-10,996228.3690000004,BULL
2019-09-11,977895.0690000003,BULL
2019-09-12,985170.9690000004,BULL
2019-09-16,981518.9690000003,BULL
2019-09-17,970965.6690000003,BULL
2019-09-18,983557.2690000004,BULL
2019-09-19,985353.5690000003,BULL
2019-09-20,986625.2690000004,BULL
2019-09-23,975784.1690000005,BULL
2019-09-24,978654.6690000003,BULL
2019-09-25,974523.3690000003,BULL
2019-09-26,963772.8690000003,BULL
2019-09-27,965911.4690000004,BULL
2019-09-30,958317.7690000003,BULL
2019-10-08,969457.1690000003,BULL
2019-10-09,965677.4690000004,BULL
2019-10-10,973075.9690000004,BULL
2019-10-11,981471.1690000003,BULL
2019-10-14,987891.4690000003,BULL
2019-10-15,989146.5690000003,BULL
2019-10-16,980292.6690000005,BULL
2019-10-17,980012.4690000003,BULL
2019-10-18,971045.7690000003,BULL
2019-10-21,975282.4690000003,BULL
2019-10-22,978921.8690000004,BULL
2019-10-23,971185.2690000003,BULL
2019-10-24,967179.6690000003,BULL
2019-10-25,982766.0690000004,BULL
2019-10-28,989879.4690000004,BULL
2019-10-29,994195.6690000005,BULL
2019-10-30,988910.1690000002,BULL
2019-10-31,990765.5690000004,BULL
2019-11-01,1001100.1690000003,BULL
2019-11-04,1006135.4690000003,BULL
2019-11-05,1012472.2690000003,BULL
2019-11-06,1004303.3690000004,BULL
2019-11-07,1007965.3690000004,BULL
2019-11-08,1004985.7690000003,BULL
2019-11-11,991234.8690000003,BULL
2019-11-12,993411.5690000003,BULL
2019-11-13,995467.2690000003,BULL
2019-11-14,996332.8690000003,BULL
2019-11-15,987329.7690000004,BULL
2019-11-18,992535.6690000003,BULL
2019-11-19,1001157.3690000004,BULL
2019-11-20,995658.5690000004,BULL
2019-11-21,990780.1690000003,BULL
2019-11-22,975577.4690000004,BULL
2019-11-25,975809.2690000003,BULL
2019-11-26,981143.8690000003,BULL
2019-11-27,980099.9690000004,BULL
2019-11-28,977552.0690000004,BULL
2019-11-29,960452.8690000003,BULL
2019-12-02,961822.9713000004,BULL
2019-12-03,963330.0713000005,BULL
2019-12-04,965079.9713000006,BULL
2019-12-05,971719.8713000003,BULL
2019-12-06,978850.5713000004,BULL
2019-12-09,974611.6713000005,BULL
2019-12-10,976768.3713000005,BULL
2019-12-11,970092.7713000006,BULL
2019-12-12,969223.3713000005,BULL
2019-12-13,983387.2713000005,BULL
2019-12-16,986882.8713000005,BULL
2019-12-17,997096.1713000003,BULL
2019-12-18,992254.2713000004,BULL
2019-12-19,991086.9713000003,BULL
2019-12-20,988032.3713000003,BULL
2019-12-23,978321.8713000005,BULL
2019-12-24,983531.6713000004,BULL
2019-12-25,983735.8713000003,BULL
2019-12-26,989550.4713000003,BULL
2019-12-27,988059.1713000005,BULL
2019-12-30,1002245.4713000006,BULL
2019-12-31,1008133.6713000005,BULL
2020-01-02,1014634.7093000005,BULL
2020-01-03,1015864.4093000006,BULL
2020-01-06,1024347.7093000005,BULL
2020-01-07,1026546.9093000005,BULL
2020-01-08,1014621.7093000005,BULL
2020-01-09,1028088.7093000005,BULL
2020-01-10,1036322.5093000005,BULL
2020-01-13,1058907.0093000005,BULL
2020-01-14,1055930.8093000005,BULL
2020-01-15,1059840.4093000004,BULL
2020-01-16,1058549.9093000004,BULL
2020-01-17,1057397.3093000005,BULL
2020-01-20,1082680.6093000006,BULL
2020-01-21,1072478.9093000006,BULL
2020-01-22,1096269.4093000004,BULL
2020-01-23,1070066.3093000005,BULL
2020-02-03,983878.9065000005,BULL
2020-02-04,1024420.2065000006,BULL
2020-02-05,1036348.2065000006,BULL
2020-02-06,1061719.8065000004,BULL
2020-02-07,1080769.7065000008,BULL
2020-02-10,1076734.7065000006,BULL
2020-02-11,1082381.3065000006,BULL
2020-02-12,1112753.7065000006,BULL
2020-02-13,1128194.2065000006,BULL
2020-02-14,1140117.5065000006,BULL
2020-02-17,1173058.1065000007,BULL
2020-02-18,1199756.5065000004,BULL
2020-02-19,1199662.5065000006,BULL
2020-02-20,1228170.8065000004,BULL
2020-02-21,1251916.3065000006,BULL
2020-02-24,1286244.4065000005,BULL
2020-02-25,1296010.2065000006,BULL
2020-02-26,1217477.1065000007,BULL
2020-02-27,1200727.8065000004,BULL
2020-02-28,1141512.7065000006,BULL
2020-03-02,1162322.0385000005,BULL
2020-03-03,1170061.0385000005,BULL
2020-03-04,1150642.4385000006,BULL
2020-03-05,1172326.8385000005,BULL
2020-03-06,1156594.6385000008,BULL
2020-03-09,1091708.8385000005,BULL
2020-03-10,1144666.4385000006,BULL
2020-03-11,1110166.2385000007,BULL
2020-03-12,1098137.6385000006,BULL
2020-03-13,1101583.4385000006,BULL
2020-03-16,1033280.8385000005,BULL
2020-03-17,1039347.0385000005,BULL
2020-03-18,1022973.4385000004,BULL
2020-03-19,1039622.8385000005,BULL
2020-03-20,1039375.6385000006,BULL
2020-03-23,975900.4385000005,BULL
2020-03-24,990194.6385000006,BULL
2020-03-25,1014943.6385000006,BULL
2020-03-26,1003105.0385000005,BULL
2020-03-27,995334.4385000006,BULL
2020-03-30,976064.0385000006,BULL
2020-03-31,974301.4385000006,BULL
2020-04-01,981775.8385000005,BULL
2020-04-02,1025398.2385000006,BULL
2020-04-03,1015565.8385000005,BULL
2020-04-07,1041983.2385000006,BULL
2020-04-08,1045019.4385000006,BULL
2020-04-09,1045525.2385000004,BULL
2020-04-10,1015098.0385000005,BEAR
2020-04-13,997371.0385000005,BEAR
2020-04-14,1024711.0385000005,BEAR
2020-04-15,1024147.0385000005,BEAR
2020-04-16,1037213.8385000005,BEAR
2020-04-17,1054895.0385000005,BEAR
2020-04-20,1064751.4385000006,BEAR
2020-04-21,1046544.6385000006,BEAR
2020-04-22,1055409.0385000007,BEAR
2020-04-23,1045235.2385000004,BEAR
2020-04-24,1027919.6385000006,BEAR
2020-04-27,1024840.6385000006,BEAR
2020-04-28,1045565.4385000006,BEAR
2020-04-29,1042556.2385000007,BEAR
2020-04-30,1085731.2385000004,BEAR
2020-05-06,1116556.5437000007,BEAR
2020-05-07,1110141.3437000008,BEAR
2020-05-08,1108715.7437000007,BEAR
2020-05-11,1106322.1437000008,BEAR
2020-05-12,1107862.1437000006,BEAR
2020-05-13,1107263.7437000007,BEAR
2020-05-14,1109058.9437000006,BEAR
2020-05-15,1110924.5437000007,BEAR
2020-05-18,1107105.3437000008,BEAR
2020-05-19,1105415.7437000007,BEAR
2020-05-20,1101878.1437000006,BEAR
2020-05-21,1102106.9437000006,BEAR
2020-05-22,1106911.7437000007,BEAR
2020-05-25,1104078.1437000006,BEAR
2020-05-26,1098102.9437000006,BEAR
2020-05-27,1095533.3437000008,BEAR
2020-05-28,1097654.1437000008,BEAR
2020-05-29,1096457.3437000006,BEAR
2020-06-01,1094952.5437000007,BEAR
2020-06-02,1089822.1437000008,BEAR
2020-06-03,1087076.5437000007,BEAR
2020-06-04,1085976.5437000007,BEAR
2020-06-05,1084806.1437000006,BEAR
2020-06-08,1087630.9437000006,BEAR
2020-06-09,1088246.9437000006,BEAR
2020-06-10,1085536.5437000007,BEAR
2020-06-11,1087076.5437000007,BEAR
2020-06-12,1088704.5437000007,BEAR
2020-06-15,1089918.9437000006,BEAR
2020-06-16,1083961.3437000006,BEAR
2020-06-17,1079895.7437000007,BEAR
2020-06-18,1079552.5437000007,BEAR
2020-06-19,1078047.7437000007,BEAR
2020-06-22,1079297.3437000006,BEAR
2020-06-23,1074536.5437000007,BEAR
2020-06-24,1078910.1437000006,BEAR
2020-06-29,1081083.7437000007,BEAR
2020-06-30,1079772.5437000007,BULL
2020-07-01,1079193.9631000005,BULL
2020-07-02,1096910.2631000006,BULL
2020-07-03,1106218.1631000007,BULL
2020-07-06,1170548.7631000006,BULL
2020-07-07,1175796.4631000005,BULL
2020-07-08,1194558.6631000007,BULL
2020-07-09,1219829.3631000007,BULL
2020-07-10,1220552.8631000007,BULL
2020-07-13,1261121.2631000006,BULL
2020-07-14,1250978.0631000006,BULL
2020-07-15,1225514.0631000006,BULL
2020-07-16,1151323.7631000006,BULL
2020-07-17,1149228.5631000006,BULL
2020-07-20,1173645.1631000007,BULL
2020-07-21,1176702.8631000004,BULL
2020-07-22,1189115.2631000006,BULL
2020-07-23,1188819.7631000006,BULL
2020-07-24,1133529.5631000006,BULL
2020-07-27,1140510.7631000006,BULL
2020-07-28,1150230.4631000008,BULL
2020-07-29,1183242.5631000006,BULL
2020-07-30,1176232.7631000006,BULL
2020-07-31,1192680.2631000006,BULL
2020-08-03,1217382.1928000008,BULL
2020-08-04,1205929.8928000005,BULL
2020-08-05,1217391.7928000006,BULL
2020-08-06,1208371.9928000006,BULL
2020-08-07,1196352.3928000007,BULL
2020-08-10,1193584.3928000005,BULL
2020-08-11,1185901.7928000006,BULL
2020-08-12,1161576.4928000006,BULL
2020-08-13,1160054.0928000007,BULL
2020-08-14,1185193.9928000004,BULL
2020-08-17,1207951.4928000006,BULL
2020-08-18,1213762.8928000005,BULL
2020-08-19,1192917.2928000006,BULL
2020-08-20,1173034.6928000008,BULL
2020-08-21,1185464.3928000007,BULL
2020-08-24,1200471.7928000006,BULL
2020-08-25,1205087.8928000005,BULL
2020-08-26,1191343.8928000007,BULL
2020-08-27,1205838.8928000005,BULL
2020-08-28,1240494.0928000004,BULL
2020-08-31,1237769.6928000008,BULL
2020-09-01,1240221.8090000006,BULL
2020-09-02,1235954.3090000006,BULL
2020-09-03,1236230.8090000006,BULL
2020-09-04,1214690.3090000006,BULL
2020-09-07,1184596.7090000007,BULL
2020-09-08,1177034.0090000005,BULL
2020-09-09,1147878.2090000005,BULL
2020-09-10,1149125.9090000007,BULL
2020-09-11,1168295.5090000005,BULL
2020-09-14,1172183.4090000007,BULL
2020-09-15,1178429.1090000006,BULL
2020-09-16,1162760.9090000005,BULL
2020-09-17,1147081.4090000005,BULL
2020-09-18,1170876.6090000006,BULL
2020-09-21,1161910.0090000005,BULL
2020-09-22,1150409.2090000005,BULL
2020-09-23,1156584.7090000007,BULL
2020-09-24,1133850.6090000006,BULL
2020-09-25,1137977.6090000004,BULL
2020-09-28,1137785.5090000005,BULL
2020-09-29,1148892.1090000006,BULL
2020-09-30,1150995.1090000006,BULL
2020-10-09,1173428.0090000005,BULL
2020-10-12,1220094.7090000007,BULL
2020-10-13,1224816.7090000005,BULL
2020-10-14,1219782.8090000006,BULL
2020-10-15,1214672.2090000005,BULL
2020-10-16,1206535.0090000005,BULL
2020-10-19,1193334.4090000005,BULL
2020-10-20,1212613.3090000006,BULL
2020-10-21,1210214.0090000005,BULL
2020-10-22,1209133.0090000005,BULL
2020-10-23,1187482.8090000006,BULL
2020-10-26,1178794.8090000006,BULL
2020-10-27,1190902.6090000004,BULL
2020-10-28,1210527.8090000006,BULL
2020-10-29,1227009.9090000005,BULL
2020-10-30,1198278.3090000006,BULL
2020-11-02,1203196.1787000005,BULL
2020-11-03,1216236.3787000007,BULL
2020-11-04,1221751.9787000006,BULL
2020-11-05,1242725.5787000007,BULL
2020-11-06,1230051.7787000006,BULL
2020-11-09,1253723.2787000006,BULL
2020-11-10,1265411.6787000005,BULL
2020-11-11,1256881.8787000007,BULL
2020-11-12,1274869.8787000005,BULL
2020-11-13,1240418.2787000006,BULL
2020-11-16,1270351.4787000008,BULL
2020-11-17,1255536.8787000005,BULL
2020-11-18,1242437.0787000004,BULL
2020-11-19,1254400.0787000007,BULL
2020-11-20,1271282.2787000006,BULL
2020-11-23,1283900.8787000005,BULL
2020-11-24,1281114.0787000007,BULL
2020-11-25,1245770.1787000005,BULL
2020-11-26,1252051.5787000007,BULL
2020-11-27,1259420.4787000008,BULL
2020-11-30,1242550.0787000007,BULL
2020-12-01,1258825.7122000006,BULL
2020-12-02,1256117.5122000007,BULL
2020-12-03,1265294.6122000006,BULL
2020-12-04,1293883.9122000006,BULL
2020-12-07,1292995.9122000006,BULL
2020-12-08,1315610.4122000006,BULL
2020-12-09,1303676.9122000006,BULL
2020-12-10,1307758.8122000005,BULL
2020-12-11,1308798.1122000006,BULL
2020-12-14,1339418.6122000008,BULL
2020-12-15,1336104.7122000004,BULL
2020-12-16,1354615.0122000005,BULL
2020-12-17,1380233.5122000007,BULL
2020-12-18,1383471.4122000006,BULL
2020-12-21,1402623.6122000008,BULL
2020-12-22,1406459.1122000006,BULL
2020-12-23,1408744.6122000006,BULL
2020-12-24,1383803.6122000008,BULL
2020-12-25,1394442.1122000006,BULL
2020-12-28,1433889.9122000006,BULL
2020-12-29,1412348.0122000005,BULL
2020-12-30,1445187.4122000006,BULL
2020-12-31,1475425.0122000007,BULL
2021-01-04,1530492.6122000006,BULL
2021-01-05,1575693.0122000007,BULL
2021-01-06,1578150.7122000006,BULL
2021-01-07,1603404.3122000007,BULL
2021-01-08,1574560.7122000004,BULL
2021-01-11,1529250.6122000008,BULL
2021-01-12,1572170.0122000007,BULL
2021-01-13,1551623.9122000006,BULL
2021-01-14,1507835.0122000007,BULL
2021-01-15,1487587.4122000006,BULL
2021-01-18,1480871.1122000008,BULL
2021-01-19,1450952.3122000005,BULL
2021-01-20,1471891.1122000006,BULL
2021-01-21,1506228.5122000007,BULL
2021-01-22,1507373.6122000008,BULL
2021-01-25,1567932.3122000005,BULL
2021-01-26,1526606.6122000008,BULL
2021-01-27,1503056.3122000005,BULL
2021-01-28,1470387.8122000005,BULL
2021-01-29,1479650.6122000008,BULL
2021-02-01,1481757.3122000005,BULL
2021-02-02,1532595.6122000006,BULL
2021-02-03,1534754.9122000006,BULL
2021-02-04,1534357.9122000006,BULL
2021-02-05,1537370.2122000006,BULL
2021-02-08,1547919.1122000008,BULL
2021-02-09,1588195.0122000007,BULL
2021-02-10,1643128.1122000006,BULL
2021-02-18,1600389.8122000007,BULL
2021-02-19,1593713.1122000008,BULL
2021-02-22,1503292.5122000007,BULL
2021-02-23,1498070.3122000005,BULL
2021-02-24,1431687.9122000006,BULL
2021-02-25,1415708.8122000005,BULL
2021-02-26,1378224.0122000005,BULL
2021-03-01,1395821.5122000007,BULL
2021-03-02,1370857.0122000007,BULL
2021-03-03,1397631.6122000006,BULL
2021-03-04,1335503.3122000005,BULL
2021-03-05,1346069.5122000007,BULL
2021-03-08,1267949.7122000006,BULL
2021-03-09,1237180.5122000007,BULL
2021-03-10,1260910.9122000006,BULL
2021-03-11,1305085.6122000006,BULL
2021-03-12,1310629.5122000007,BULL
2021-03-15,1261039.6122000006,BULL
2021-03-16,1283410.1122000008,BULL
2021-03-17,1300104.6122000008,BULL
2021-03-18,1325431.3122000007,BULL
2021-03-19,1291423.0122000007,BULL
2021-03-22,1300695.0122000007,BULL
2021-03-23,1295223.3122000005,BULL
2021-03-24,1285163.6122000006,BULL
2021-03-25,1282082.2122000006,BULL
2021-03-26,1324834.9122000006,BULL
2021-03-29,1340824.4122000006,BULL
2021-03-30,1346615.6122000008,BULL
2021-03-31,1329791.7122000006,BULL
2021-04-01,1357022.5122000007,BULL
2021-04-02,1398454.6122000008,BULL
2021-04-06,1386828.5122000007,BULL
2021-04-07,1349290.2122000004,BULL
2021-04-08,1364225.7122000006,BULL
2021-04-09,1335863.0122000007,BULL
2021-04-12,1320915.7122000006,BULL
2021-04-13,1332785.7122000006,BULL
2021-04-14,1353994.8122000007,BULL
2021-04-15,1346950.6122000006,BULL
2021-04-16,1366943.4122000006,BULL
2021-04-19,1398975.5122000007,BULL
2021-04-20,1403381.2122000006,BULL
2021-04-21,1423700.1122000008,BULL
2021-04-22,1423206.7122000009,BULL
2021-04-23,1439126.0122000005,BULL
2021-04-26,1415463.3122000005,BULL
2021-04-27,1429514.6122000008,BULL
2021-04-28,1458652.6122000008,BULL
2021-04-29,1459710.2122000006,BULL
2021-04-30,1451558.6122000006,BULL
2021-05-06,1419375.3122000007,BULL
2021-05-07,1395947.2122000006,BULL
2021-05-10,1384972.6122000006,BULL
2021-05-11,1410779.8122000007,BULL
2021-05-12,1426302.1122000006,BULL
2021-05-13,1422255.1122000008,BULL
2021-05-14,593934.8122000006,BULL
2021-05-17,1451729.4122000006,BULL
2021-05-18,1049701.6122000008,BULL
2021-05-19,1050333.4122000006,BULL
2021-05-20,1063417.7122000006,BULL
2021-05-21,1057758.4122000006,BULL
2021-05-24,1073044.1122000006,BULL
2021-05-25,1101621.8122000005,BULL
2021-05-26,1095673.5122000007,BULL
2021-05-27,1101215.1122000008,BULL
2021-05-28,1111006.0122000007,BULL
2021-05-31,1123746.1122000008,BULL
2021-06-01,1123937.9779000005,BULL
2021-06-02,1111320.4779000005,BULL
2021-06-03,1103912.1779000005,BULL
2021-06-04,1120103.3779000007,BULL
2021-06-07,1111179.2779000006,BULL
2021-06-08,1099795.3779000007,BULL
2021-06-09,1100191.6779000007,BULL
2021-06-10,1122612.4779000005,BULL
2021-06-11,1124582.8779000007,BULL
2021-06-15,1109752.5779000006,BULL
2021-06-16,1064379.8779000007,BULL
2021-06-17,1081639.6779000007,BULL
2021-06-18,1104875.2779000006,BULL
2021-06-21,1107984.4779000008,BULL
2021-06-22,1114957.5779000006,BULL
2021-06-23,1131871.6779000007,BULL
2021-06-24,1122533.4779000005,BULL
2021-06-25,988450.8779000007,BULL
2021-06-28,1153595.3779000004,BULL
2021-06-29,1037882.7779000006,BULL
2021-06-30,1056815.9779000008,BULL
2021-07-01,1048652.7413000006,BULL
2021-07-02,1030823.4413000008,BULL
2021-07-05,1048500.4413000006,BULL
2021-07-06,1044315.2413000007,BULL
2021-07-07,1083728.1413000007,BULL
2021-07-08,1091397.5413000006,BULL
2021-07-09,1095913.5413000006,BULL
2021-07-12,1134506.8413000007,BULL
2021-07-13,1128195.2413000008,BULL
2021-07-14,1098883.5413000006,BULL
2021-07-15,1117251.3413000004,BULL
2021-07-16,1082799.0413000006,BULL
2021-07-19,1078085.4413000005,BULL
2021-07-20,1090622.2413000006,BULL
2021-07-21,1128884.6413000007,BULL
2021-07-22,1134718.3413000007,BULL
2021-07-23,1122945.841300001,BULL
2021-07-26,1098773.4413000005,BULL
2021-07-27,1051186.8413000007,BULL
2021-07-28,1057130.7413000006,BULL
2021-07-29,1107305.0413000006,BULL
2021-07-30,1103012.9413000008,BULL
2021-08-02,1127315.9437000006,BULL
2021-08-03,1096717.9437000006,BULL
2021-08-04,1163794.0437000007,BULL
2021-08-05,1150740.6437000008,BULL
2021-08-06,1159568.1437000008,BULL
2021-08-09,1138104.3437000008,BULL
2021-08-10,1127344.7437000007,BULL
2021-08-11,1137703.5437000007,BULL
2021-08-12,1137179.2437000007,BULL
2021-08-13,1124553.9437000009,BULL
2021-08-16,1089978.0437000005,BULL
2021-08-17,1066562.7437000007,BULL
2021-08-18,1074803.6437000006,BULL
2021-08-19,1097472.7437000005,BULL
2021-08-20,1087968.3437000006,BEAR
2021-08-23,1114180.4437000006,BEAR
2021-08-24,1136154.1437000006,BEAR
2021-08-25,1135121.4437000006,BEAR
2021-08-26,1114609.9437000004,BEAR
2021-08-27,1127734.8437000008,BEAR
2021-08-30,1133245.4437000006,BEAR
2021-08-31,1119425.1437000008,BEAR
2021-09-01,1094834.7605000006,BEAR
2021-09-02,1094773.8605000007,BEAR
2021-09-03,1095078.3605000007,BEAR
2021-09-06,1094173.5605000006,BEAR
2021-09-07,1093338.3605000004,BEAR
2021-09-08,1093033.8605000007,BEAR
2021-09-09,1093155.6605000005,BEAR
2021-09-10,1093138.2605000006,BEAR
2021-09-13,1092738.0605000006,BEAR
2021-09-14,1092155.1605000005,BEAR
2021-09-15,1092355.2605000006,BEAR
2021-09-16,1090919.7605000006,BEAR
2021-09-17,1091859.3605000004,BEAR
2021-09-22,1092407.4605000005,BEAR
2021-09-23,1093842.9605000005,BEAR
2021-09-24,1093747.2605000006,BEAR
2021-09-27,1093712.4605000005,BEAR
2021-09-28,1093869.0605000006,BEAR
2021-09-29,1096496.4605000005,BEAR
2021-09-30,1097001.0605000006,BEAR
2021-10-08,1095252.3605000004,BEAR
2021-10-11,1093877.7605000006,BEAR
2021-10-12,1092276.9605000005,BEAR
2021-10-13,1091876.7605000006,BEAR
2021-10-14,1092129.0605000006,BEAR
2021-10-15,1091963.7605000006,BEAR
2021-10-18,1088675.1605000005,BEAR
2021-10-19,1088570.7605000006,BEAR
2021-10-20,1088918.7605000006,BEAR
2021-10-21,1090467.3605000007,BEAR
2021-10-22,1089205.8605000007,BEAR
2021-10-25,1089440.7605000006,BEAR
2021-10-26,1090249.8605000004,BEAR
2021-10-27,1090563.0605000006,BEAR
2021-10-28,1090389.0605000006,BEAR
2021-10-29,1091232.9605000005,BEAR
2021-11-01,1092024.6605000005,BEAR
2021-11-02,1092903.3605000007,BEAR
2021-11-03,1093755.9605000005,BEAR
2021-11-04,1093373.1605000005,BEAR
2021-11-05,1094486.7605000006,BEAR
2021-11-08,1095469.8605000007,BEAR
2021-11-09,1094530.2605000006,BEAR
2021-11-10,1095948.3605000004,BEAR
2021-11-11,1095643.8605000007,BEAR
2021-11-12,1094443.2605000006,BEAR
2021-11-15,1095261.0605000006,BEAR
2021-11-16,1095678.6605000007,BEAR
2021-11-17,1095696.0605000006,BEAR
2021-11-18,1096409.4605000005,BEAR
2021-11-19,1095774.3605000007,BEAR
2021-11-22,1096191.9605000005,BEAR
2021-11-23,1096209.3605000004,BEAR
2021-11-24,1097001.0605000006,BEAR
2021-11-25,1097618.7605000006,BEAR
2021-11-26,1099828.5605000006,BEAR
2021-11-29,1098410.4605000005,BEAR
2021-11-30,1098567.0605000006,BEAR
2021-12-01,1098053.7605000006,BEAR
2021-12-02,1097479.5605000006,BEAR
2021-12-03,1095965.7605000006,BEAR
2021-12-06,1098149.4605000005,BEAR
2021-12-07,1097653.5605000006,BEAR
2021-12-08,1097923.2605000006,BEAR
2021-12-09,1097531.7605000006,BEAR
2021-12-10,1098219.0605000006,BEAR
2021-12-13,1098184.2605000006,BEAR
2021-12-14,1099898.1605000005,BEAR
2021-12-15,1099993.8605000007,BEAR
2021-12-16,1099654.5605000006,BEAR
2021-12-17,1101185.7605000006,BEAR
2021-12-20,1100976.9605000005,BEAR
2021-12-21,1100533.2605000006,BEAR
2021-12-22,1101177.0605000006,BEAR
2021-12-23,1101438.0605000006,BEAR
2021-12-24,1101359.7605000006,BEAR
2021-12-27,1102325.4605000005,BEAR
2021-12-28,1102847.4605000005,BEAR
2021-12-29,1103117.1605000007,BEAR
2021-12-30,1105901.1605000005,BEAR
2021-12-31,1106832.0605000006,BEAR
2022-01-04,1106301.3605000007,BEAR
2022-01-05,1105126.8605000007,BEAR
2022-01-06,1104526.5605000006,BEAR
2022-01-07,1104613.5605000006,BEAR
2022-01-10,1105866.3605000004,BEAR
2022-01-11,1107362.7605000006,BEAR
2022-01-12,1107780.3605000004,BEAR
2022-01-13,1107649.8605000004,BEAR
2022-01-14,1110225.0605000006,BEAR
2022-01-17,1109903.1605000005,BEAR
2022-01-18,1113087.3605000004,BEAR
2022-01-19,1112565.3605000007,BEAR
2022-01-20,1112373.9605000005,BEAR
2022-01-21,1115070.9605000005,BEAR
2022-01-24,1118977.2605000006,BEAR
2022-01-25,1118690.1605000005,BEAR
2022-01-26,1113618.0605000006,BEAR
2022-01-27,1113156.9605000005,BEAR
2022-01-28,1115401.5605000006,BEAR
2022-02-07,1114435.8605000004,BEAR
2022-02-08,1115749.5605000006,BEAR
2022-02-09,1116332.4605000005,BEAR
2022-02-10,1117341.6605000005,BEAR
2022-02-11,1112634.9605000005,BEAR
2022-02-14,1111669.2605000006,BEAR
2022-02-15,1111686.6605000007,BEAR
2022-02-16,1112530.5605000006,BEAR
2022-02-17,1112626.2605000006,BEAR
2022-02-18,1111947.6605000005,BEAR
2022-02-21,1109494.2605000006,BEAR
2022-02-22,1108893.9605000005,BEAR
2022-02-23,1110051.0605000006,BEAR
2022-02-24,1110433.8605000007,BEAR
2022-02-25,1111103.7605000006,BEAR
2022-02-28,1111477.8605000007,BEAR
2022-03-01,1109572.5605000006,BEAR
2022-03-02,1109076.6605000005,BEAR
2022-03-03,1109128.8605000004,BEAR
2022-03-04,1108606.8605000007,BEAR
2022-03-07,1110912.3605000004,BEAR
2022-03-08,1112017.2605000006,BEAR
2022-03-09,1109624.7605000006,BEAR
2022-03-10,1110077.1605000007,BEAR
2022-03-11,1112052.0605000006,BEAR
2022-03-14,1115192.7605000006,BEAR
2022-03-15,1111138.5605000006,BEAR
2022-03-16,1110581.7605000006,BEAR
2022-03-17,1110790.5605000006,BEAR
2022-03-18,1112278.2605000006,BEAR
2022-03-21,1111843.2605000006,BEAR
2022-03-22,1110581.7605000006,BEAR
2022-03-23,1110938.4605000005,BEAR
2022-03-24,1111843.2605000006,BEAR
2022-03-25,1112756.7605000006,BEAR
2022-03-28,1112800.2605000006,BEAR
2022-03-29,1112295.6605000005,BEAR
2022-03-30,1112034.6605000005,BEAR
2022-03-31,1111155.9605000005,BEAR
2022-04-01,1112530.5605000006,BEAR
2022-04-06,1113539.7605000006,BEAR
2022-04-07,1114801.2605000006,BEAR
2022-04-08,1116288.9605000005,BEAR
2022-04-11,1114061.7605000006,BEAR
2022-04-12,1114470.6605000005,BEAR
2022-04-13,1114792.5605000006,BEAR
2022-04-14,1116541.2605000006,BEAR
2022-04-15,1115566.8605000007,BEAR
2022-04-18,1114279.2605000006,BEAR
2022-04-19,1114705.5605000006,BEAR
2022-04-20,1115018.7605000006,BEAR
2022-04-21,1114061.7605000006,BEAR
2022-04-22,1113783.3605000007,BEAR
2022-04-25,1113844.2605000006,BEAR
2022-04-26,1114470.6605000005,BEAR
2022-04-27,1114113.9605000005,BEAR
2022-04-28,1113522.3605000007,BEAR
2022-04-29,1114662.0605000006,BEAR
2022-05-05,1114670.7605000006,BEAR
2022-05-06,1113844.2605000006,BEAR
2022-05-09,1114557.6605000007,BEAR
2022-05-10,1116837.0605000006,BEAR
2022-05-11,1115993.1605000005,BEAR
2022-05-12,1116584.7605000006,BEAR
2022-05-13,1117524.3605000007,BEAR
2022-05-16,1117393.8605000007,BEAR
2022-05-17,1118690.1605000005,BEAR
2022-05-18,1120412.7605000006,BEAR
2022-05-19,1119507.9605000005,BEAR
2022-05-20,1118907.6605000007,BEAR
2022-05-23,1119386.1605000005,BEAR
2022-05-24,1119925.5605000006,BEAR
2022-05-25,1120795.5605000006,BEAR
2022-05-26,1122813.9605000005,BEAR
2022-05-27,1120934.7605000006,BEAR
2022-05-30,1119629.7605000006,BEAR
2022-05-31,1118594.4605000005,BEAR
2022-06-01,1118281.2605000006,BEAR
2022-06-02,1118098.5605000006,BEAR
2022-06-06,1118455.2605000006,BEAR
2022-06-07,1118403.0605000006,BEAR
2022-06-08,1118142.0605000006,BEAR
2022-06-09,1118324.7605000006,BEAR
2022-06-10,1117924.5605000006,BEAR
2022-06-13,1117872.3605000007,BEAR
2022-06-14,1117341.6605000005,BEAR
2022-06-15,1116845.7605000006,BEAR
2022-06-16,1116802.2605000006,BEAR
2022-06-17,1117715.7605000006,BEAR
2022-06-20,1117576.5605000006,BEAR
2022-06-21,1117428.6605000007,BEAR
2022-06-22,1118255.1605000005,BEAR
2022-06-23,1118255.1605000005,BEAR
2022-06-24,1118316.0605000006,BEAR
2022-06-27,1116645.6605000005,BEAR
2022-06-28,1116776.1605000005,BEAR
2022-06-29,1117637.4605000005,BEAR
2022-06-30,1117672.2605000006,BEAR
2022-07-01,1119255.6605000005,BEAR
2022-07-04,1117332.9605000005,BEAR
2022-07-05,1116306.3605000007,BEAR
2022-07-06,1116628.2605000006,BEAR
2022-07-07,1116697.8605000007,BEAR
2022-07-08,1116201.9605000005,BEAR
2022-07-11,1116593.4605000005,BEAR
2022-07-12,1117254.6605000007,BEAR
2022-07-13,1117915.8605000007,BEAR
2022-07-14,1118777.1605000007,BEAR
2022-07-15,1120308.3605000004,BEAR
2022-07-18,1119534.0605000006,BEAR
2022-07-19,1119116.4605000005,BEAR
2022-07-20,1119560.1605000005,BEAR
2022-07-21,1120195.2605000003,BEAR
2022-07-22,1121004.3605000007,BEAR
2022-07-25,1121187.0605000004,BEAR
2022-07-26,1122300.6605000007,BEAR
2022-07-27,1122378.9605000005,BEAR
2022-07-28,1122152.7605000006,BEAR
2022-07-29,1124406.0605000006,BEAR
2022-08-01,1126102.5605000004,BEAR
2022-08-02,1127694.6605000007,BEAR
2022-08-03,1127311.8605000007,BEAR
2022-08-04,1128634.2605000008,BEAR
2022-08-05,1126981.2605000006,BEAR
2022-08-08,1127198.7605000006,BEAR
2022-08-09,1126450.5605000006,BEAR
2022-08-10,1126911.6605000007,BEAR
2022-08-11,1126607.1605000007,BEAR
2022-08-12,1126633.2605000006,BEAR
2022-08-15,1130548.2605000006,BEAR
2022-08-16,1132105.5605000004,BEAR
2022-08-17,1132366.5605000004,BEAR
2022-08-18,1133114.7605000006,BEAR
2022-08-19,1133889.0605000006,BEAR
2022-08-22,1133941.2605000006,BEAR
2022-08-23,1133158.2605000006,BEAR
2022-08-24,1132897.2605000006,BEAR
2022-08-25,1132166.4605000005,BEAR
2022-08-26,1131653.1605000005,BEAR
2022-08-29,1131722.7605000006,BEAR
2022-08-30,1132731.9605000005,BEAR
2022-08-31,1133184.3605000007,BEAR
2022-09-01,1133297.4605000005,BEAR
2022-09-02,1134637.2605000006,BEAR
2022-09-05,1135107.0605000006,BEAR
2022-09-06,1134724.2605000006,BEAR
2022-09-07,1134776.4605000005,BEAR
2022-09-08,1134358.8605000007,BEAR
2022-09-09,1133393.1605000007,BEAR
2022-09-13,1132470.9605000005,BEAR
2022-09-14,1131487.8605000004,BEAR
2022-09-15,1131444.3605000004,BEAR
2022-09-16,1130443.8605000007,BEAR
2022-09-19,1130574.3605000007,BEAR
2022-09-20,1131827.1605000007,BEAR
2022-09-21,1132053.3605000004,BEAR
2022-09-22,1132027.2605000006,BEAR
2022-09-23,1130922.3605000004,BEAR
2022-09-26,1128294.9605000005,BEAR
2022-09-27,1128312.3605000007,BEAR
2022-09-28,1127938.2605000006,BEAR
2022-09-29,1126015.5605000006,BEAR
2022-09-30,1126850.7605000006,BEAR
2022-10-10,1128677.7605000006,BEAR
2022-10-11,1130148.0605000004,BEAR
2022-10-12,1129382.4605000005,BEAR
2022-10-13,1130139.3605000004,BEAR
2022-10-14,1132679.7605000006,BEAR
2022-10-17,1131070.2605000003,BEAR
2022-10-18,1130904.9605000007,BEAR
2022-10-19,1131714.0605000006,BEAR
2022-10-20,1130931.0605000006,BEAR
2022-10-21,1131061.5605000006,BEAR
2022-10-24,1132027.2605000006,BEAR
2022-10-25,1131348.6605000005,BEAR
2022-10-26,1131400.8605000004,BEAR
2022-10-27,1132192.5605000006,BEAR
2022-10-28,1133767.2605000006,BEAR
2022-10-31,1134576.3605000007,BEAR
2022-11-01,1133436.6605000007,BEAR
2022-11-02,1132418.7605000006,BEAR
2022-11-03,1133436.6605000007,BEAR
2022-11-04,1132357.8605000007,BEAR
2022-11-07,1132349.1605000007,BEAR
2022-11-08,1132601.4605000005,BEAR
2022-11-09,1133201.7605000006,BEAR
2022-11-10,1132410.0605000006,BEAR
2022-11-11,1130217.6605000005,BEAR
2022-11-14,1127207.4605000005,BEAR
2022-11-15,1125980.7605000006,BEAR
2022-11-16,1124249.4605000005,BEAR
2022-11-17,1125632.7605000003,BEAR
2022-11-18,1125023.7605000006,BEAR
2022-11-21,1127103.0605000006,BEAR
2022-11-22,1127572.8605000007,BEAR
2022-11-23,1129486.8605000007,BEAR
2022-11-24,1130878.8605000004,BEAR
2022-11-25,1128764.7605000006,BEAR
2022-11-28,1126702.8605000007,BEAR
2022-11-29,1123666.5605000004,BEAR
2022-11-30,1124484.3605000007,BEAR
2022-12-01,1125128.1605000005,BEAR
2022-12-02,1125467.4605000007,BEAR
2022-12-05,1124971.5605000006,BEAR
2022-12-06,1123814.4605000007,BEAR
2022-12-07,1123153.2605000006,BEAR
2022-12-08,1124771.4605000005,BEAR
2022-12-09,1123814.4605000007,BEAR
2022-12-12,1123997.1605000005,BEAR
2022-12-13,1121413.2605000006,BEAR
2022-12-14,1123718.7605000006,BEAR
2022-12-15,1124423.4605000005,BEAR
2022-12-16,1124145.0605000006,BEAR
2022-12-19,1125780.6605000007,BEAR
2022-12-20,1125885.0605000006,BEAR
2022-12-21,1125276.0605000004,BEAR
2022-12-22,1125632.7605000003,BEAR
2022-12-23,1125963.3605000004,BEAR
2022-12-26,1125519.6605000007,BEAR
2022-12-27,1125641.4605000005,BEAR
2022-12-28,1127250.9605000005,BEAR
2022-12-29,1127868.6605000005,BEAR
2022-12-30,1129669.5605000006,BEAR
2023-01-03,1129347.6605000007,BEAR
2023-01-04,1131270.3605000007,BEAR
2023-01-05,1130687.4605000005,BEAR
2023-01-06,1128390.6605000005,BEAR
2023-01-09,1128416.7605000006,BEAR
2023-01-10,1127764.2605000006,BEAR
2023-01-11,1126589.7605000006,BEAR
2023-01-12,1126894.2605000006,BEAR
2023-01-13,1127137.8605000004,BEAR
2023-01-16,1126241.7605000006,BEAR
2023-01-17,1126320.0605000006,BEAR
2023-01-18,1126154.7605000006,BEAR
2023-01-19,1126407.0605000006,BEAR
2023-01-20,1127494.5605000006,BEAR
2023-01-30,1127494.5605000006,BEAR
2023-01-31,1127355.3605000004,BEAR
2023-02-01,1127781.6605000005,BEAR
2023-02-02,1128521.1605000007,BEAR
2023-02-03,1128921.3605000007,BEAR
2023-02-06,1128381.9605000005,BEAR
2023-02-07,1128547.2605000006,BEAR
2023-02-08,1128921.3605000007,BEAR
2023-02-09,1129008.3605000004,BEAR
2023-02-10,1129452.0605000006,BEAR
2023-02-13,1129539.0605000006,BULL
2023-02-14,1129573.8605000004,BULL
2023-02-15,1129626.0605000004,BULL
2023-02-16,1129521.6605000005,BULL
2023-02-17,1129652.1605000007,BULL
2023-02-20,1128834.3605000007,BULL
2023-02-21,1128477.6605000007,BULL
2023-02-22,1128695.1605000005,BULL
2023-02-23,1128677.7605000006,BULL
2023-02-24,1128703.8605000004,BULL
2023-02-27,1128521.1605000007,BULL
2023-02-28,1128364.5605000006,BULL
2023-03-01,1126350.9240000006,BULL
2023-03-02,1123458.2240000004,BULL
2023-03-03,1121696.0240000004,BULL
2023-03-06,1119927.0240000004,BULL
2023-03-07,1101892.1240000005,BULL
2023-03-08,1099741.5240000004,BULL
2023-03-09,1099849.8240000005,BULL
2023-03-10,1085972.9240000003,BULL
2023-03-13,1098492.5240000004,BULL
2023-03-14,1092315.6240000005,BULL
2023-03-15,1089765.4240000006,BULL
2023-03-16,1079828.8240000005,BULL
2023-03-17,1083354.4240000006,BULL
2023-03-20,1078857.3240000005,BULL
2023-03-21,1092576.1240000005,BULL
2023-03-22,1099957.6240000005,BULL
2023-03-23,1111786.4240000003,BULL
2023-03-24,1114321.8240000005,BULL
2023-03-27,1110349.5240000004,BULL
2023-03-28,1109143.8240000005,BULL
2023-03-29,1112477.8240000005,BULL
2023-03-30,1119191.2240000004,BULL
2023-03-31,1123610.6240000005,BULL
2023-04-03,1132729.3673000005,BULL
2023-04-04,1142156.9673000004,BULL
2023-04-06,1164034.6673000006,BULL
2023-04-07,1172995.2673000004,BULL
2023-04-10,1147936.3673000005,BULL
2023-04-11,1146906.7673000004,BULL
2023-04-12,1161351.1673000006,BULL
2023-04-13,1133390.4673000004,BULL
2023-04-14,1152107.4673000006,BULL
2023-04-17,1150142.8673000005,BULL
2023-04-18,1146103.0673000005,BULL
2023-04-19,1140175.1673000006,BULL
2023-04-20,1158069.4673000006,BULL
2023-04-21,1118919.2673000004,BULL
2023-04-24,1105255.1673000006,BULL
2023-04-25,1085818.3673000005,BULL
2023-04-26,1067092.1673000006,BULL
2023-04-27,1063790.4673000006,BULL
2023-04-28,1080051.5673000007,BULL
2023-05-04,1063955.8888000005,BULL
2023-05-05,1067600.1888000006,BULL
2023-05-08,1086028.3888000005,BULL
2023-05-09,1082625.9888000006,BULL
2023-05-10,1064319.3888000005,BULL
2023-05-11,1064305.9888000004,BULL
2023-05-12,1052884.1888000006,BULL
2023-05-15,1061499.0888000005,BULL
2023-05-16,1054753.1888000004,BULL
2023-05-17,1050786.1888000006,BULL
2023-05-18,1052735.8888000005,BULL
2023-05-19,1043716.1888000006,BULL
2023-05-22,1043931.5888000006,BULL
2023-05-23,1031264.1888000006,BULL
2023-05-24,1018741.7888000006,BULL
2023-05-25,1016868.0888000007,BULL
2023-05-26,1021521.0888000006,BULL
2023-05-29,1019228.8888000007,BULL
2023-05-30,1021538.3888000005,BULL
2023-05-31,1013858.7888000004,BULL
2023-06-01,1014772.4912000005,BULL
2023-06-02,1018682.0912000005,BULL
2023-06-05,1020206.2912000006,BEAR
2023-06-06,1002406.1912000005,BEAR
2023-06-07,1005775.2912000006,BEAR
2023-06-08,1001662.6912000005,BEAR
2023-06-09,1011751.4912000005,BEAR
2023-06-12,1012901.5912000005,BEAR
2023-06-13,1026396.4912000005,BEAR
2023-06-14,1026376.0912000005,BEAR
2023-06-15,1031053.0912000006,BEAR
2023-06-16,1041712.6912000005,BEAR
2023-06-19,1043221.7912000004,BEAR
2023-06-20,1043128.2912000007,BEAR
2023-06-21,1020297.9912000006,BEAR
2023-06-26,1004874.8912000004,BEAR
2023-06-27,1010765.5912000006,BEAR
2023-06-28,1006389.4912000005,BEAR
2023-06-29,1007699.2912000006,BEAR
2023-06-30,1015826.0912000006,BEAR
2023-07-03,1021113.5361000006,BEAR
2023-07-04,1020944.1361000006,BEAR
2023-07-05,1022399.4361000005,BEAR
2023-07-06,1022730.5361000006,BEAR
2023-07-07,1022830.6361000007,BEAR
2023-07-10,1022769.0361000006,BEAR
2023-07-11,1022892.2361000006,BEAR
2023-07-12,1022869.1361000006,BEAR
2023-07-13,1022730.5361000006,BEAR
2023-07-14,1022414.8361000007,BEAR
2023-07-17,1023123.2361000006,BEAR
2023-07-18,1023754.6361000005,BEAR
2023-07-19,1024016.4361000006,BEAR
2023-07-20,1023993.3361000005,BEAR
2023-07-21,1025017.4361000006,BEAR
2023-07-24,1025294.6361000006,BEAR
2023-07-25,1022745.9361000005,BEAR
2023-07-26,1022930.7361000004,BEAR
2023-07-27,1023793.1361000007,BEAR
2023-07-28,1023092.4361000006,BEAR
2023-07-31,1022176.1361000006,BEAR
2023-08-01,1022899.9361000005,BEAR
2023-08-02,1022938.4361000005,BEAR
2023-08-03,1023377.3361000007,BEAR
2023-08-04,1023716.1361000005,BEAR
2023-08-07,1024147.3361000005,BEAR
2023-08-08,1024355.2361000004,BEAR
2023-08-09,1024547.7361000006,BEAR
2023-08-10,1024155.0361000006,BEAR
2023-08-11,1024447.6361000005,BEAR
2023-08-14,1024955.8361000005,BEAR
2023-08-15,1027057.9361000005,BEAR
2023-08-16,1027604.6361000005,BEAR
2023-08-17,1027281.2361000004,BEAR
2023-08-18,1027797.1361000005,BEAR
2023-08-21,1028728.8361000005,BEAR
2023-08-22,1028159.0361000005,BEAR
2023-08-23,1028058.9361000006,BEAR
2023-08-24,1027820.2361000007,BEAR
2023-08-25,1027335.1361000005,BEAR
2023-08-28,1026064.6361000006,BEAR
2023-08-29,1024817.2361000006,BEAR
2023-08-30,1026765.3361000007,BEAR
2023-08-31,1026965.5361000005,BEAR
2023-09-01,1025879.8361000005,BEAR
2023-09-04,1023415.8361000007,BEAR
2023-09-05,1024147.3361000005,BEAR
2023-09-06,1023377.3361000007,BEAR
2023-09-07,1022137.6361000006,BEAR
2023-09-08,1022946.1361000006,BEAR
2023-09-11,1022946.1361000006,BEAR
2023-09-12,1023123.2361000006,BEAR
2023-09-13,1024155.0361000006,BEAR
2023-09-14,1024670.9361000005,BEAR
2023-09-15,1024162.7361000007,BEAR
2023-09-18,1023069.3361000004,BEAR
2023-09-19,1022953.8361000005,BEAR
2023-09-20,1022553.4361000006,BEAR
2023-09-21,1023300.3361000005,BEAR
2023-09-22,1022568.8361000005,BEAR
2023-09-25,1022360.9361000006,BEAR
2023-09-26,1021213.6361000006,BEAR
2023-09-27,1018919.0361000006,BEAR
2023-09-28,1023369.6361000006,BEAR
2023-10-09,1024224.3361000005,BEAR
2023-10-10,1023500.5361000006,BEAR
2023-10-11,1021652.5361000005,BEAR
2023-10-12,1021506.2361000004,BEAR
2023-10-13,1022345.5361000005,BEAR
2023-10-16,1022453.3361000007,BEAR
2023-10-17,1021952.8361000007,BEAR
2023-10-18,1021760.3361000005,BEAR
2023-10-19,1019950.8361000004,BEAR
2023-10-20,1020736.2361000004,BEAR
2023-10-23,1021675.6361000006,BEAR
2023-10-24,1021198.2361000006,BEAR
2023-10-25,1022384.0361000005,BEAR
2023-10-26,1023585.2361000006,BEAR
2023-10-27,1023123.2361000006,BEAR
2023-10-30,1024478.4361000006,BEAR
2023-10-31,1024786.4361000006,BEAR
2023-11-01,1024994.3361000004,BEAR
2023-11-02,1025748.9361000006,BEAR
2023-11-03,1025679.6361000005,BEAR
2023-11-06,1025394.7361000007,BEAR
2023-11-07,1025664.2361000006,BEAR
2023-11-08,1025764.3361000007,BEAR
2023-11-09,1025818.2361000004,BEAR
2023-11-10,1025856.7361000007,BEAR
2023-11-13,1027073.3361000005,BEAR
2023-11-14,1026988.6361000006,BEAR
2023-11-15,1026965.5361000005,BEAR
2023-11-16,1027550.7361000007,BEAR
2023-11-17,1027643.1361000007,BEAR
2023-11-20,1027104.1361000005,BEAR
2023-11-21,1026634.4361000006,BEAR
2023-11-22,1025471.7361000006,BEAR
2023-11-23,1024201.2361000007,BEAR
2023-11-24,1024940.4361000006,BEAR
2023-11-27,1024794.1361000006,BEAR
2023-11-28,1024701.7361000006,BEAR
2023-11-29,1024332.1361000006,BEAR
2023-11-30,1025055.9361000005,BEAR
2023-12-01,1025818.2361000004,BEAR
2023-12-04,1025086.7361000004,BEAR
2023-12-05,1024978.9361000006,BEAR
2023-12-06,1024840.3361000007,BEAR
2023-12-07,1025387.0361000006,BEAR
2023-12-08,1025895.2361000007,BEAR
2023-12-11,1027319.7361000007,BEAR
2023-12-12,1027227.3361000007,BEAR
2023-12-13,1028628.7361000006,BEAR
2023-12-14,1027673.9361000006,BEAR
2023-12-15,1028574.8361000005,BEAR
2023-12-18,1029398.7361000004,BEAR
2023-12-19,1029298.6361000005,BEAR
2023-12-20,1028597.9361000006,BEAR
2023-12-21,1028975.2361000007,BEAR
2023-12-22,1030338.1361000006,BEAR
2023-12-25,1031169.7361000007,BEAR
2023-12-26,1031955.1361000007,BEAR
2023-12-27,1032948.4361000006,BEAR
2023-12-28,1033864.7361000006,BEAR
2023-12-29,1034773.3361000005,BEAR
2024-01-02,1033918.6361000006,BEAR
2024-01-03,1033649.1361000007,BEAR
2024-01-04,1034442.2361000006,BEAR
2024-01-05,1035497.1361000005,BEAR
2024-01-08,1035235.3361000005,BEAR
2024-01-09,1035397.0361000005,BEAR
2024-01-10,1035266.1361000005,BEAR
2024-01-11,1035520.2361000007,BEAR
2024-01-12,1035189.1361000006,BEAR
2024-01-15,1034850.3361000005,BEAR
2024-01-16,1034149.6361000007,BEAR
2024-01-17,1034896.5361000005,BEAR
2024-01-18,1034673.2361000006,BEAR
2024-01-19,1036405.7361000004,BEAR
2024-01-22,1036883.1361000006,BEAR
2024-01-23,1036282.5361000005,BEAR
2024-01-24,1035920.6361000006,BEAR
2024-01-25,1037229.6361000005,BEAR
2024-01-26,1037945.7361000006,BEAR
2024-01-29,1038299.9361000005,BEAR
2024-01-30,1040964.1361000006,BEAR
2024-01-31,1041218.2361000004,BEAR
2024-02-01,1040278.8361000005,BEAR
2024-02-02,1040186.4361000006,BEAR
2024-02-05,1041403.0361000005,BEAR
2024-02-06,1039855.3361000005,BEAR
2024-02-07,1039377.9361000006,BEAR
2024-02-08,1041218.2361000004,BEAR
2024-02-19,1040910.2361000006,BEAR
2024-02-20,1041233.6361000006,BEAR
2024-02-21,1041872.7361000006,BEAR
2024-02-22,1042319.3361000004,BEAR
2024-02-23,1043597.5361000005,BEAR
2024-02-26,1043689.9361000005,BEAR
2024-02-27,1043982.5361000005,BEAR
2024-02-28,1044067.2361000006,BEAR
2024-02-29,1044459.9361000006,BEAR
2024-03-01,1043836.2361000004,BEAR
2024-03-04,1043874.7361000004,BEAR
2024-03-05,1043913.2361000007,BEAR
2024-03-06,1045299.2361000004,BEAR
2024-03-07,1046192.4361000006,BEAR
2024-03-08,1045784.3361000007,BEAR
2024-03-11,1045129.8361000005,BEAR
2024-03-12,1044151.9361000005,BEAR
2024-03-13,1043867.0361000006,BEAR
2024-03-14,1043304.9361000006,BEAR
2024-03-15,1043944.0361000006,BEAR
2024-03-18,1044891.1361000005,BEAR
2024-03-19,1045707.3361000004,BEAR
2024-03-20,1045522.5361000005,BEAR
2024-03-21,1045707.3361000004,BEAR
2024-03-22,1045961.4361000006,BEAR
2024-03-25,1045468.6361000006,BEAR
2024-03-26,1045353.1361000005,BEAR
2024-03-27,1045768.9361000005,BEAR
2024-03-28,1045645.7361000006,BEAR
2024-03-29,1046785.3361000005,BEAR
2024-04-01,1046438.8361000004,BEAR
2024-04-02,1046808.4361000005,BEAR
2024-04-03,1047863.3361000004,BEAR
2024-04-08,1049149.2361000003,BEAR
2024-04-09,1050111.7361000003,BEAR
2024-04-10,1050219.5361000006,BEAR
2024-04-11,1050412.0361000006,BEAR
2024-04-12,1051759.5361000006,BEAR
2024-04-15,1051613.2361000008,BEAR
2024-04-16,1051051.1361000007,BEAR
2024-04-17,1051320.6361000007,BEAR
2024-04-18,1052136.8361000004,BEAR
2024-04-19,1052814.4361000005,BEAR
2024-04-22,1053438.1361000007,BEAR
2024-04-23,1054901.1361000007,BEAR
2024-04-24,1052136.8361000004,BEAR
2024-04-25,1052868.3361000004,BEAR
2024-04-26,1051143.5361000006,BEAR
2024-04-29,1046831.5361000006,BEAR
2024-04-30,1049780.6361000007,BEAR
2024-05-06,1051420.7361000006,BEAR
2024-05-07,1052698.9361000005,BEAR
2024-05-08,1052883.7361000006,BEAR
2024-05-09,1051967.4361000005,BEAR
2024-05-10,1051782.6361000007,BEAR
2024-05-13,1052891.4361000005,BEAR
2024-05-14,1053468.9361000005,BEAR
2024-05-15,1053461.2361000003,BEAR
2024-05-16,1052968.4361000005,BEAR
2024-05-17,1052206.1361000007,BEAR
2024-05-20,1053453.5361000006,BEAR
2024-05-21,1052914.5361000006,BEAR
2024-05-22,1053361.1361000005,BEAR
2024-05-23,1054084.9361000005,BEAR
2024-05-24,1054108.0361000006,BEAR
2024-05-27,1053846.2361000006,BEAR
2024-05-28,1054431.4361000005,BEAR
2024-05-29,1054985.8361000004,BEAR
2024-05-30,1055393.9361000005,BEAR
2024-05-31,1055216.8361000004,BEAR
2024-06-03,1056310.2361000006,BEAR
2024-06-04,1056556.6361000007,BEAR
2024-06-05,1056856.9361000005,BEAR
2024-06-06,1056656.7361000006,BEAR
2024-06-07,1057034.0361000004,BEAR
2024-06-11,1057034.0361000004,BEAR
2024-06-12,1056895.4361000005,BEAR
2024-06-13,1056995.5361000006,BEAR
2024-06-14,1057157.2361000006,BEAR
2024-06-17,1057596.1361000005,BEAR
2024-06-18,1057881.0361000006,BEAR
2024-06-19,1058088.9361000005,BEAR
2024-06-20,1058974.4361000005,BEAR
2024-06-21,1058443.1361000007,BEAR
2024-06-24,1059082.2361000006,BEAR
2024-06-25,1059405.6361000007,BEAR
2024-06-26,1060175.6361000007,BEAR
2024-06-27,1061261.3361000007,BEAR
2024-06-28,1062000.5361000006,BEAR
2024-07-01,1060252.6361000005,BEAR
2024-07-02,1061199.7361000006,BEAR
2024-07-03,1062832.1361000007,BEAR
2024-07-04,1062270.0361000006,BEAR
2024-07-05,1061453.8361000007,BEAR
2024-07-08,1059397.9361000005,BEAR
2024-07-09,1060691.5361000006,BEAR
2024-07-10,1061353.7361000006,BEAR
2024-07-11,1061299.8361000004,BEAR
2024-07-12,1062131.4361000005,BEAR
2024-07-15,1062531.8361000004,BEAR
2024-07-16,1062524.1361000007,BEAR
2024-07-17,1062770.5361000006,BEAR
2024-07-18,1062454.8361000007,BEAR
2024-07-19,1063163.2361000006,BEAR
2024-07-22,1065403.9361000005,BEAR
2024-07-23,1066520.4361000005,BEAR
2024-07-24,1066535.8361000007,BEAR
2024-07-25,1066689.8361000007,BEAR
2024-07-26,1067144.1361000007,BEAR
2024-07-29,1066967.0361000006,BEAR
2024-07-30,1067121.0361000006,BEAR
2024-07-31,1067867.9361000005,BEAR
2024-08-01,1069608.1361000005,BEAR
2024-08-02,1071155.8361000004,BEAR
2024-08-05,1071548.5361000006,BEAR
2024-08-06,1070016.2361000006,BEAR
2024-08-07,1071486.9361000005,BEAR
2024-08-08,1070562.9361000005,BEAR
2024-08-09,1069138.4361000005,BEAR
2024-08-12,1064349.0361000006,BEAR
2024-08-13,1067467.5361000006,BEAR
2024-08-14,1068445.4361000005,BEAR
2024-08-15,1067398.2361000006,BEAR
2024-08-16,1067221.1361000005,BEAR
2024-08-19,1067675.4361000005,BEAR
2024-08-20,1067506.0361000006,BEAR
2024-08-21,1066374.1361000007,BEAR
2024-08-22,1068499.3361000004,BEAR
2024-08-23,1070047.0361000004,BEAR
2024-08-26,1070062.4361000005,BEAR
2024-08-27,1069369.4361000005,BEAR
2024-08-28,1069715.9361000007,BEAR
2024-08-29,1069146.1361000005,BEAR
2024-08-30,1068822.7361000006,BEAR
2024-09-02,1071294.4361000005,BEAR
2024-09-03,1072703.5361000004,BEAR
2024-09-04,1073073.1361000005,BEAR
2024-09-05,1073735.3361000007,BEAR
2024-09-06,1074081.8361000004,BEAR
2024-09-09,1074643.9361000005,BEAR
2024-09-10,1075552.5361000006,BEAR
2024-09-11,1077146.4361000007,BEAR
2024-09-12,1075490.9361000007,BEAR
2024-09-13,1076984.7361000006,BEAR
2024-09-18,1077246.5361000004,BEAR
2024-09-19,1075829.7361000006,BEAR
2024-09-20,1076592.0361000006,BEAR
2024-09-23,1076823.0361000006,BEAR
2024-09-24,1075652.6361000005,BEAR
2024-09-25,1078155.1361000007,BEAR
2024-09-26,1077331.2361000006,BEAR
2024-09-27,1072865.2361000006,BEAR
2024-09-30,1069277.0361000006,BEAR
2024-10-08,1068861.2361000006,BEAR
2024-10-09,1071017.2361000006,BEAR
2024-10-10,1073542.8361000004,BEAR
2024-10-11,1074097.2361000006,BEAR
2024-10-14,1073927.8361000007,BEAR
2024-10-15,1074205.0361000006,BEAR
2024-10-16,1074351.3361000004,BEAR
2024-10-17,1075798.9361000005,BEAR
2024-10-18,1074613.1361000007,BEAR
2024-10-21,1074474.5361000006,BEAR
2024-10-22,1072980.7361000006,BEAR
2024-10-23,1071910.4361000005,BEAR
2024-10-24,1072326.2361000006,BEAR
2024-10-25,1072233.8361000007,BEAR
2024-10-28,1072441.7361000006,BEAR
2024-10-29,1073496.6361000005,BULL
2024-10-30,1073827.7361000006,BULL
2024-10-31,1073743.0361000006,BULL
2024-11-01,1073345.1390000007,BULL
2024-11-04,1090679.3390000006,BULL
2024-11-05,1130886.1390000004,BULL
2024-11-06,1133316.6390000007,BULL
2024-11-07,1173874.7390000005,BULL
2024-11-08,1165007.6390000004,BULL
2024-11-11,1198444.8390000006,BULL
2024-11-12,1176738.6390000004,BULL
2024-11-13,1179667.7390000005,BULL
2024-11-14,1151229.0390000006,BULL
2024-11-15,1118538.6390000007,BULL
2024-11-18,1103566.9390000007,BULL
2024-11-19,1123764.0390000006,BULL
2024-11-20,1123651.4390000007,BULL
2024-11-21,1128530.4390000007,BULL
2024-11-22,1089609.8390000006,BULL
2024-11-25,1079757.5390000006,BULL
2024-11-26,1075167.3390000006,BULL
2024-11-27,1099897.5390000008,BULL
2024-11-28,1094344.2390000005,BULL
2024-11-29,1111442.2390000005,BULL
2024-12-02,1118982.2390000005,BULL
2024-12-03,1112089.3390000006,BULL
2024-12-04,1109013.4390000005,BULL
2024-12-05,1109322.9390000007,BULL
2024-12-06,1121040.7390000008,BULL
2024-12-09,1111375.9390000007,BULL
2024-12-10,1119158.9390000007,BULL
2024-12-11,1115638.4390000005,BULL
2024-12-12,1124956.6390000007,BULL
2024-12-13,1104766.0390000006,BULL
2024-12-16,1093221.3390000006,BULL
2024-12-17,1090799.0390000006,BULL
2024-12-18,1104585.7390000005,BULL
2024-12-19,1114703.7390000005,BULL
2024-12-20,1129173.9390000007,BULL
2024-12-23,1120975.139000001,BULL
2024-12-24,1134296.2390000005,BULL
2024-12-25,1134758.5390000006,BULL
2024-12-26,1143433.9390000007,BULL
2024-12-27,1139833.8390000006,BULL
2024-12-30,1144549.2390000005,BULL
2024-12-31,1111075.3390000006,BULL
2025-01-02,1071882.4390000007,BULL
2025-01-03,1055282.0390000006,BULL
2025-01-06,1051416.8390000006,BULL
2025-01-07,1075588.0390000006,BULL
2025-01-08,1074063.5390000006,BULL
2025-01-09,1074031.5390000006,BULL
2025-01-10,1066611.8390000006,BULL
2025-01-13,1062644.1390000004,BULL
2025-01-14,1094018.7390000005,BULL
2025-01-15,1089244.6390000007,BULL
2025-01-16,1078403.5390000006,BULL
2025-01-17,1089585.9390000007,BULL
2025-01-20,1092014.3390000006,BULL
2025-01-21,1097680.8390000006,BULL
2025-01-22,1092607.6390000007,BULL
2025-01-23,1087698.6390000007,BULL
2025-01-24,1095033.2390000005,BULL
2025-01-27,1076293.3390000006,BULL
2025-02-05,1088578.5694000006,BULL
2025-02-06,1117396.1694000007,BULL
2025-02-07,1124529.2694000006,BULL
2025-02-10,1132654.3694000007,BULL
2025-02-11,1123379.5694000006,BULL
2025-02-12,1148014.2694000006,BULL
2025-02-13,1127057.9694000005,BULL
2025-02-14,1129442.6694000007,BULL
2025-02-17,1139483.8694000007,BULL
2025-02-18,1123471.2694000008,BULL
2025-02-19,1152241.6694000007,BULL
2025-02-20,1147216.8694000007,BULL
2025-02-21,1188962.2694000006,BULL
2025-02-24,1190597.6694000007,BULL
2025-02-25,1183487.9694000008,BULL
2025-02-26,1198150.7694000006,BULL
2025-02-27,1194532.8694000007,BULL
2025-02-28,1153576.5694000006,BULL
2025-03-03,1141662.0043000006,BULL
2025-03-04,1158703.4043000008,BULL
2025-03-05,1162886.6043000007,BULL
2025-03-06,1186819.8043000007,BULL
2025-03-07,1176079.2043000006,BULL
2025-03-10,1173799.4043000008,BULL
2025-03-11,1169350.5043000006,BULL
2025-03-12,1166454.0043000006,BULL
2025-03-13,1144781.3043000007,BULL
2025-03-14,1166154.7043000006,BULL
2025-03-17,1161392.7043000008,BULL
2025-03-18,1166558.8043000007,BULL
2025-03-19,1158025.4043000005,BULL
2025-03-20,1148756.2043000008,BULL
2025-03-21,1125252.5043000006,BULL
2025-03-24,1131858.9043000008,BULL
2025-03-25,1119739.7043000006,BULL
2025-03-26,1117915.5043000006,BULL
2025-03-27,1125573.1043000007,BULL
2025-03-28,1114895.8043000007,BULL
2025-03-31,1112615.1043000007,BULL
2025-04-01,1113287.2249000007,BULL
2025-04-02,1111891.7249000007,BULL
2025-04-03,1105539.8249000006,BULL
2025-04-07,1010606.7249000007,BULL
2025-04-08,1013984.1249000006,BULL
2025-04-09,1049096.7249000005,BULL
2025-04-10,1064012.3249000008,BULL
2025-04-11,1095815.7249000007,BULL
2025-04-14,1098317.5249000008,BULL
2025-04-15,1089986.7249000007,BULL
2025-04-16,1094223.7249000007,BULL
2025-04-17,1097524.2249000007,BULL
2025-04-18,1092027.0249000005,BULL
2025-04-21,1101655.6249000006,BULL
2025-04-22,1100459.2249000007,BULL
2025-04-23,1101092.2249000007,BULL
2025-04-24,1091489.7249000007,BULL
2025-04-25,1090421.9249000007,BULL
2025-04-28,1089160.6249000006,BULL
2025-04-29,1095187.7249000005,BULL
2025-04-30,1103264.4249000007,BULL
2025-05-06,1120604.9933000007,BULL
2025-05-07,1119551.2933000007,BULL
2025-05-08,1118535.4933000007,BULL
2025-05-09,1103835.3933000008,BULL
2025-05-12,1111197.7933000007,BULL
2025-05-13,1107540.2933000007,BULL
2025-05-14,1114285.9933000007,BULL
2025-05-15,1098339.5933000008,BULL
2025-05-16,1094589.9933000007,BULL
2025-05-19,1097174.2933000007,BULL
2025-05-20,1101144.8933000008,BULL
2025-05-21,1096300.2933000007,BULL
2025-05-22,1093332.0933000008,BULL
2025-05-23,1083475.6933000009,BULL
2025-05-26,1086139.1933000006,BULL
2025-05-27,1075035.7933000007,BULL
2025-05-28,1070202.0933000008,BULL
2025-05-29,1084618.7933000007,BULL
2025-05-30,1075369.0933000008,BULL
2025-06-03,1078012.024400001,BULL
2025-06-04,1084274.2244000009,BULL
2025-06-05,1081218.624400001,BULL
2025-06-06,1082527.024400001,BULL
2025-06-09,1086021.2244000009,BULL
2025-06-10,1084176.4244000008,BULL
2025-06-11,1091557.9244000008,BULL
2025-06-12,1095630.624400001,BULL
2025-06-13,1088568.324400001,BULL
2025-06-16,1089046.7244000009,BULL
2025-06-17,1085902.4244000008,BULL
2025-06-18,1078858.3244000007,BULL
2025-06-19,1070154.124400001,BULL
2025-06-20,1073088.9244000008,BULL
2025-06-23,1077944.8244000007,BULL
2025-06-24,1085222.024400001,BULL
2025-06-25,1097501.024400001,BULL
2025-06-26,1096445.824400001,BULL
2025-06-27,1092043.024400001,BULL
2025-06-30,1095237.624400001,BULL
2025-07-01,1100745.5642000008,BULL
2025-07-02,1100842.0642000008,BULL
2025-07-03,1103926.664200001,BULL
2025-07-04,1100817.664200001,BULL
2025-07-07,1098046.2642000008,BULL
2025-07-08,1104673.7642000008,BULL
2025-07-09,1098169.4642000007,BULL
2025-07-10,1104711.5642000008,BULL
2025-07-11,1112528.664200001,BULL
2025-07-14,1114188.7642000008,BULL
2025-07-15,1108358.364200001,BULL
2025-07-16,1105890.0642000008,BULL
2025-07-17,1113052.5642000008,BULL
2025-07-18,1125493.164200001,BULL
2025-07-21,1138669.4642000007,BULL
2025-07-22,1150378.2642000008,BULL
2025-07-23,1147198.364200001,BULL
2025-07-24,1162306.8642000007,BULL
2025-07-25,1159362.0642000008,BULL
2025-07-28,1160764.464200001,BULL
2025-07-29,1162356.364200001,BULL
2025-07-30,1158254.8642000007,BULL
2025-07-31,1138330.4642000007,BULL
2025-08-01,1132278.266400001,BULL
2025-08-04,1144791.466400001,BULL
2025-08-05,1150622.266400001,BULL
2025-08-06,1162736.8664000009,BULL
2025-08-07,1164798.8664000006,BULL
2025-08-08,1166796.5664000008,BULL
2025-08-11,1178332.5664000008,BULL
2025-08-12,1183735.4664000007,BULL
2025-08-13,1211412.666400001,BULL
2025-08-14,1200587.0664000008,BULL
2025-08-15,1218472.166400001,BULL
2025-08-18,1237835.4664000007,BULL
2025-08-19,1233557.5664000008,BULL
2025-08-20,1245293.066400001,BULL
2025-08-21,1242739.666400001,BULL
2025-08-22,1272771.9664000007,BULL
2025-08-25,1319036.666400001,BULL
2025-08-26,1309667.2664000008,BULL
2025-08-27,1299058.5664000008,BULL
2025-08-28,1338779.2664000008,BULL
2025-08-29,1362127.0664000008,BULL
2025-09-01,1389807.8559000008,BULL
2025-09-02,1358905.7559000007,BULL
2025-09-03,1359547.555900001,BULL
2025-09-04,1301837.755900001,BULL
2025-09-05,1364309.4559000006,BULL
2025-09-08,1351997.6559000008,BULL
2025-09-09,1340640.0559000007,BULL
2025-09-10,1349174.9559000009,BULL
2025-09-11,1405523.255900001,BULL
2025-09-12,1405388.1559000008,BULL
2025-09-15,1401862.6559000006,BULL
2025-09-16,1399105.755900001,BULL
2025-09-17,1411217.255900001,BULL
2025-09-18,1387927.1559000008,BULL
2025-09-19,1396378.5559000007,BULL
2025-09-22,1411188.9559000009,BULL
2025-09-23,1410062.455900001,BULL
2025-09-24,1427802.8559000008,BULL
2025-09-25,1448505.0559000007,BULL
2025-09-26,1425048.2559000007,BULL
2025-09-29,1464632.055900001,BULL
2025-09-30,1480012.855900001,BULL
2025-10-09,1530190.8600000008,BULL
2025-10-10,1480765.160000001,BULL
2025-10-13,1487233.1600000008,BULL
2025-10-14,1433687.960000001,BULL
2025-10-15,1458536.360000001,BULL
2025-10-16,1451705.960000001,BULL
2025-10-17,1411312.2600000007,BULL
2025-10-20,1421723.1600000008,BULL
2025-10-21,1463201.560000001,BULL
2025-10-22,1451475.5600000008,BULL
2025-10-23,1451257.1600000008,BULL
2025-10-24,1490248.260000001,BULL
2025-10-27,1531054.0600000012,BULL
2025-10-28,1514538.3600000008,BULL
2025-10-29,1552929.260000001,BULL
2025-10-30,1539222.5600000012,BULL
2025-10-31,1498488.860000001,BULL
2025-11-03,1493810.673200001,BULL
2025-11-04,1466204.373200001,BULL
2025-11-05,1468682.173200001,BULL
2025-11-06,1504488.7732000006,BULL
2025-11-07,1499860.473200001,BULL
2025-11-10,1495931.373200001,BULL
2025-11-11,1471697.573200001,BULL
2025-11-12,1473698.2732000009,BULL
2025-11-13,1503204.473200001,BULL
2025-11-14,1469647.073200001,BULL
2025-11-17,1469924.973200001,BULL
2025-11-18,1449149.973200001,BULL
2025-11-19,1466331.8732000012,BULL
2025-11-20,1461259.8732000012,BULL
2025-11-21,1395289.5732000007,BULL
2025-11-24,1386660.0732000011,BULL
2025-11-25,1417242.8732000007,BULL
2025-11-26,1441143.873200001,BULL
2025-11-27,1440297.073200001,BULL
2025-11-28,1452443.573200001,BULL
2025-12-01,1483974.7732000009,BULL
2025-12-02,1475767.173200001,BULL
2025-12-03,1469479.4732000008,BULL
2025-12-04,1475836.873200001,BULL
2025-12-05,1495336.9732000008,BULL
2025-12-08,1524955.4732000008,BULL
2025-12-09,1517772.673200001,BULL
2025-12-10,1523924.573200001,BULL
2025-12-11,1501131.273200001,BULL
2025-12-12,1512647.173200001,BULL
2025-12-15,1493911.1732000008,BULL
2025-12-16,1466661.473200001,BULL
2025-12-17,1515753.073200001,BULL
2025-12-18,1499594.873200001,BULL
2025-12-19,1513554.573200001,BULL
2025-12-22,1549634.873200001,BULL
2025-12-23,1554721.073200001,BULL
2025-12-24,1571580.6732000008,BULL
2025-12-25,1566973.7732000009,BULL
2025-12-26,1587187.873200001,BULL
2025-12-29,1575987.6732000008,BULL
2025-12-30,1586697.473200001,BULL
2025-12-31,1582467.673200001,BULL
2026-01-05,1619773.304300001,BULL
2026-01-06,1651192.104300001,BULL
2026-01-07,1655689.304300001,BULL
2026-01-08,1635092.404300001,BULL
2026-01-09,1656691.0043000008,BULL
2026-01-12,1676819.404300001,BULL
2026-01-13,1664062.004300001,BULL
2026-01-14,1668703.1043000012,BULL
2026-01-15,1695986.404300001,BULL
2026-01-16,1693493.1043000012,BULL
2026-01-19,1673667.304300001,BULL
2026-01-20,1659384.6043000012,BULL
2026-01-21,1687788.004300001,BULL
2026-01-22,1691609.204300001,BULL
2026-01-23,1702272.604300001,BULL
2026-01-26,1729225.104300001,BULL
2026-01-27,1731440.9043000008,BULL
2026-01-28,1777431.104300001,BULL
2026-01-29,1782242.804300001,BULL
2026-01-30,1713669.0043000008,BULL
2026-02-02,1623426.262600001,BULL
2026-02-03,1681504.762600001,BULL
2026-02-04,1669089.462600001,BULL
2026-02-05,1624893.062600001,BULL
2026-02-06,1620894.262600001,BULL
2026-02-09,1666692.9626000007,BULL
2026-02-10,1666159.1626000009,BULL
2026-02-11,1670407.0626000008,BULL
2026-02-12,1685816.4626000011,BULL
2026-02-13,1652961.1626000013,BULL
2026-02-24,1692091.762600001,BULL
2026-02-25,1723783.4626000011,BULL
2026-02-26,1733183.8626000013,BULL
2026-02-27,1744514.362600001,BULL
2026-03-02,1775353.762600001,BULL
2026-03-03,1711740.262600001,BULL
2026-03-04,1695897.262600001,BULL
2026-03-05,1707275.6626000009,BULL
2026-03-06,1692414.5626000008,BULL
2026-03-09,1668461.862600001,BULL
2026-03-10,1708708.0626000008,BULL
2026-03-11,1711756.262600001,BULL
2026-03-12,1698441.6626000009,BULL
2026-03-13,1674520.062600001,BULL
2026-03-16,1665614.762600001,BULL
2026-03-17,1626790.562600001,BULL
2026-03-18,1648766.562600001,BULL
2026-03-19,1600076.762600001,BULL
2026-03-20,1598713.262600001,BULL
2026-03-23,1525653.062600001,BULL
2026-03-24,1556649.1626000009,BULL
2026-03-25,1603005.762600001,BULL
2026-03-26,1571188.0626000008,BULL
2026-03-27,1585221.462600001,BULL
2026-03-30,1593562.962600001,BULL
2026-03-31,1571467.362600001,BULL
2026-04-01,1610587.7626000007,BULL
2026-04-02,1579524.662600001,BULL
2026-04-03,1582061.562600001,BULL
2026-04-07,1589176.362600001,BULL
2026-04-08,1686043.062600001,BULL
2026-04-09,1685757.362600001,BULL
2026-04-10,1711998.862600001,BULL
2026-04-13,1716061.0626000012,BULL
2026-04-14,1749417.462600001,BULL
2026-04-15,1725124.962600001,BULL
2026-04-16,1769310.0626000008,BULL
2026-04-17,1798646.6626000009,BULL
2026-04-20,1815582.5626000008,BULL
2026-04-21,1818980.062600001,BULL
2026-04-22,1862976.9626000011,BULL
2026-04-23,1832639.862600001,BULL
2026-04-24,1808115.262600001,BULL
2026-04-27,1816526.762600001,BULL
2026-04-28,1786500.762600001,BULL
2026-04-29,1821021.962600001,BULL
2026-04-30,1814207.9626000011,BULL
2026-05-06,1859337.1794000012,BULL
2026-05-07,1906209.979400001,BULL
2026-05-08,1906691.379400001,BULL
2026-05-11,1958919.379400001,BULL
2026-05-12,1969265.879400001,BULL
2026-05-13,1975427.279400001,BULL
2026-05-14,1209230.079400001,BULL
2026-05-15,1193421.779400001,BULL
2026-05-18,1197351.179400001,BULL
2026-05-19,1200325.279400001,BULL
2026-05-20,1203311.8794000011,BULL
2026-05-21,1180262.7794000008,BULL
2026-05-22,1207112.179400001,BULL
2026-05-25,1233599.279400001,BULL
2026-05-26,1238282.3794000011,BULL
2026-05-27,1230270.3794000011,BULL
2026-05-28,1241993.579400001,BULL
2026-05-29,1230967.479400001,BULL
2026-06-01,1207563.299600001,BULL
2026-06-02,1225554.4996000011,BULL
2026-06-03,1249137.9996000011,BULL
2026-06-04,1254581.199600001,BULL
2026-06-05,1216613.8996000013,BULL
2026-06-08,1178953.699600001,BULL
2026-06-09,1217995.599600001,BULL
